id,name,topic,country,country_name,url,description,provider,formats,size,records,license,license_url,access,commercial_use,cite,path
bkg-geodatenzentrum-open-data,BKG Geodatenzentrum Open Data,addresses-and-geocoding,de,Germany,https://gdz.bkg.bund.de/,"Germany's national geodata centre distributing administrative boundaries, digital terrain models, topographic base data and gazetteers as free open data.",Bundesamt für Kartographie und Geodäsie,Shapefile; GeoPackage; GeoTIFF; WMS; WFS,Terabyte-scale,National coverage of Germany,DL-DE-BY-2.0 for open products,https://www.govdata.de/dl-de/by-2-0,open,yes,"Bundesamt für Kartographie und Geodäsie (BKG), Geodatenzentrum",topics/addresses-and-geocoding/de/dataset-01.json
basemap-de,basemap.de,addresses-and-geocoding,de,Germany,https://basemap.de/,"The official German web map service built from state survey data, offering raster and vector tiles for cartographic base layers.",Arbeitsgemeinschaft der Vermessungsverwaltungen (AdV),Vector tiles; WMTS; WMS,Tile service,National coverage at all zoom levels,DL-DE-BY-2.0,https://www.govdata.de/dl-de/by-2-0,open,yes,"basemap.de, AdV",topics/addresses-and-geocoding/de/dataset-02.json
openplz-api,OpenPLZ API,addresses-and-geocoding,de,Germany,https://www.openplzapi.org/,"A free API resolving German, Austrian, Swiss and Liechtenstein postal codes to localities, districts, states and street lists.",OpenPLZ API project,REST API; JSON,API,Postal code and street coverage for four countries,ODbL 1.0 (data from OpenStreetMap and official sources),https://www.openplzapi.org/,open,yes,OpenPLZ API,topics/addresses-and-geocoding/de/dataset-03.json
geoportal-de,Geoportal.de,addresses-and-geocoding,de,Germany,https://www.geoportal.de/,"The federal spatial data infrastructure portal indexing geodata services from all German states and agencies, with INSPIRE-compliant metadata.",Bundesamt für Kartographie und Geodäsie,WMS; WFS; Atom; Metadata,Varies by service,"100,000+ registered geodata resources",Varies by provider; commonly DL-DE-BY-2.0,https://www.geoportal.de/,open,check,"Geoportal.de, Geodateninfrastruktur Deutschland",topics/addresses-and-geocoding/de/dataset-04.json
destatis-regionalatlas,Destatis Regionalatlas,addresses-and-geocoding,de,Germany,https://regionalatlas.statistikportal.de/,"Small-area German statistics mapped to administrative geographies, covering population, economy, labour, health and infrastructure indicators.",Statistische Ämter des Bundes und der Länder,CSV; XLSX; WMS,~2 GB,400+ indicators at district level,DL-DE-BY-2.0,https://www.govdata.de/dl-de/by-2-0,open,yes,"Statistische Ämter des Bundes und der Länder, Regionalatlas Deutschland",topics/addresses-and-geocoding/de/dataset-05.json
base-adresse-nationale,Base Adresse Nationale,addresses-and-geocoding,fr,France,https://adresse.data.gouv.fr/,"France's authoritative address database with geolocated address points, street names and INSEE codes, plus a free geocoding and reverse-geocoding API.",DINUM and IGN,CSV; GeoJSON; REST API,~2 GB,26 million+ addresses,Licence Ouverte 2.0,https://www.etalab.gouv.fr/licence-ouverte-open-licence/,open,yes,"Base Adresse Nationale, DINUM",topics/addresses-and-geocoding/fr/dataset-01.json
data-gouv-fr,data.gouv.fr,addresses-and-geocoding,fr,France,https://www.data.gouv.fr/,"France's central open data platform hosting government, local authority and community datasets across every policy domain with a full API.",DINUM / Etalab,CSV; JSON; GeoJSON; Shapefile; REST API,Varies by dataset,"50,000+ datasets",Mostly Licence Ouverte 2.0,https://www.etalab.gouv.fr/licence-ouverte-open-licence/,open,yes,"data.gouv.fr, Etalab",topics/addresses-and-geocoding/fr/dataset-02.json
ign-g-oservices,IGN Géoservices,addresses-and-geocoding,fr,France,https://geoservices.ign.fr/,"National mapping agency data including cadastral parcels, topographic databases, orthophotography, elevation models and administrative boundaries.",Institut national de l'information géographique et forestière,Shapefile; GeoPackage; GeoTIFF; WMS; WFS,Terabyte-scale,National coverage of France and overseas territories,Licence Ouverte 2.0 for open products,https://geoservices.ign.fr/,open,yes,IGN Géoservices,topics/addresses-and-geocoding/fr/dataset-03.json
insee-code-officiel-g-ographique,INSEE Code Officiel Géographique,addresses-and-geocoding,fr,France,https://www.insee.fr/fr/information/2560452,"The official register of French communes, departments, regions and countries with historical changes, the canonical join key for French administrative data.",Institut national de la statistique et des études économiques,CSV; XLSX,~50 MB,"35,000+ communes with historical revisions",Licence Ouverte 2.0,https://www.etalab.gouv.fr/licence-ouverte-open-licence/,open,yes,"INSEE, Code officiel géographique",topics/addresses-and-geocoding/fr/dataset-04.json
demandes-de-valeurs-fonci-res,Demandes de Valeurs Foncières,addresses-and-geocoding,fr,France,https://www.data.gouv.fr/datasets/demandes-de-valeurs-foncieres,"Every French property transaction registered by the tax administration, with price, date, surface area, parcel reference and property type.",Direction générale des finances publiques,CSV; TXT,~5 GB,20 million+ transactions since 2014,Licence Ouverte 2.0,https://www.etalab.gouv.fr/licence-ouverte-open-licence/,open,yes,"DGFiP, Demandes de valeurs foncières",topics/addresses-and-geocoding/fr/dataset-05.json
census-geocoder,Census Geocoder,addresses-and-geocoding,us,United States,https://geocoding.geo.census.gov/geocoder/,"A free official geocoding service returning coordinates plus census tract, block and congressional district for any US address, in single or batch mode.",US Census Bureau,REST API; CSV,API,National address coverage,US Government public domain,https://www.census.gov/about/policies/open-gov.html,open,yes,US Census Bureau Geocoding Services,topics/addresses-and-geocoding/us/dataset-01.json
national-address-database,National Address Database,addresses-and-geocoding,us,United States,https://www.transportation.gov/gis/national-address-database,"A federal aggregation of state and local authoritative address points with coordinates, address components and jurisdiction identifiers.",US Department of Transportation,CSV; Geodatabase; Shapefile,~10 GB,80 million+ address points,US Government public domain and contributing agency terms,https://www.transportation.gov/gis/national-address-database,open,yes,"US DOT, National Address Database",topics/addresses-and-geocoding/us/dataset-02.json
usgs-national-map,USGS National Map,addresses-and-geocoding,us,United States,https://www.usgs.gov/programs/national-geospatial-program/national-map,"Authoritative national geospatial layers covering elevation, hydrography, transportation, boundaries, structures and land cover.",US Geological Survey,GeoTIFF; Shapefile; GeoPackage; REST API,Petabyte-scale,National coverage across 8 data themes,US Government public domain,https://www.usgs.gov/information-policies-and-instructions/copyrights-and-credits,open,yes,"US Geological Survey, The National Map",topics/addresses-and-geocoding/us/dataset-03.json
geonames,GeoNames,addresses-and-geocoding,us,United States,https://www.geonames.org/,"A global gazetteer of place names with coordinates, population, elevation, feature class, alternate names and administrative hierarchy, free to download in full.",GeoNames,TXT; ZIP; REST API,~2 GB,12 million+ place names worldwide,CC BY 4.0,https://www.geonames.org/about.html,open,yes,GeoNames geographical database,topics/addresses-and-geocoding/us/dataset-04.json
overture-maps-foundation-data,Overture Maps Foundation Data,addresses-and-geocoding,us,United States,https://overturemaps.org/,"Open map data releases covering places, buildings, transportation, addresses and administrative divisions, published as cloud-native GeoParquet.",Overture Maps Foundation,GeoParquet; PMTiles,~500 GB,Billions of features worldwide,CDLA Permissive 2.0 and ODbL depending on theme,https://docs.overturemaps.org/attribution/,open,yes,Overture Maps Foundation,topics/addresses-and-geocoding/us/dataset-05.json
ibge-agricultural-production-statistics,IBGE Agricultural Production Statistics,agriculture-and-crops,br,Brazil,https://www.ibge.gov.br/estatisticas/economicas/agricultura-e-pecuaria.html,"Official Brazilian crop and livestock statistics covering planted area, production, yield and value by municipality and crop.",Instituto Brasileiro de Geografia e Estatística,XLSX; CSV; REST API,Multi-GB,"5,570 municipalities, annual and monthly series",Free use with attribution to IBGE,https://www.ibge.gov.br/acesso-informacao/institucional/copyright.html,open,yes,"IBGE, Produção Agrícola Municipal",topics/agriculture-and-crops/br/dataset-01.json
conab-crop-monitoring,CONAB Crop Monitoring,agriculture-and-crops,br,Brazil,https://www.conab.gov.br/info-agro/safras,"Monthly national crop surveys with area, productivity and production forecasts for soybeans, maize, cotton, rice and other major Brazilian crops.",Companhia Nacional de Abastecimento,XLSX; PDF; CSV,~1 GB,Monthly surveys by state and crop since 1976,Free use with attribution,https://www.conab.gov.br/,open,yes,"CONAB, Acompanhamento da Safra Brasileira",topics/agriculture-and-crops/br/dataset-02.json
embrapa-agricultural-research-data,Embrapa Agricultural Research Data,agriculture-and-crops,br,Brazil,https://www.embrapa.br/,"Agricultural research datasets covering soils, climate zoning, crop trials, satellite land use monitoring and livestock productivity.",Empresa Brasileira de Pesquisa Agropecuária,CSV; Shapefile; GeoTIFF; PDF,Multi-TB,Hundreds of research datasets and geospatial layers,Varies by dataset; many CC BY,https://www.embrapa.br/,open,check,"Embrapa, Empresa Brasileira de Pesquisa Agropecuária",topics/agriculture-and-crops/br/dataset-03.json
mapbiomas,MapBiomas,agriculture-and-crops,br,Brazil,https://brasil.mapbiomas.org/,"Annual 30-metre land cover and land use maps for Brazil from 1985 onward, with deforestation, pasture, agriculture and water surface classifications.",MapBiomas initiative,GeoTIFF; Google Earth Engine; CSV,~5 TB,Annual national coverage since 1985,CC BY-SA 4.0,https://brasil.mapbiomas.org/,open,yes,"MapBiomas Project, Annual Land Use and Land Cover Maps of Brazil",topics/agriculture-and-crops/br/dataset-04.json
inpe-prodes-and-deter-deforestation-data,INPE PRODES and DETER Deforestation Data,agriculture-and-crops,br,Brazil,https://terrabrasilis.dpi.inpe.br/,"Official satellite monitoring of Amazon and Cerrado deforestation, with annual clear-cut polygons and near-real-time alerts.",Instituto Nacional de Pesquisas Espaciais,Shapefile; GeoJSON; WFS; REST API,~50 GB,Annual deforestation polygons since 1988,Free use with attribution to INPE,https://terrabrasilis.dpi.inpe.br/,open,yes,"INPE, TerraBrasilis PRODES and DETER",topics/agriculture-and-crops/br/dataset-05.json
agmarknet-commodity-prices,Agmarknet Commodity Prices,agriculture-and-crops,in,India,https://agmarknet.gov.in/,"Daily arrival volumes and minimum, maximum and modal prices for hundreds of commodities across thousands of regulated agricultural markets.","Directorate of Marketing and Inspection, Ministry of Agriculture",CSV; Web; REST API,Multi-GB archive,"3,000+ markets, daily since 2001",Government Open Data License - India,https://www.data.gov.in/government-open-data-license-india,open,yes,"Agmarknet, Directorate of Marketing and Inspection",topics/agriculture-and-crops/in/dataset-01.json
data-gov-in-agriculture-sector,data.gov.in Agriculture Sector,agriculture-and-crops,in,India,https://www.data.gov.in/sector/agriculture,"Open government catalogue of agriculture datasets covering crop-wise area, production and yield by district, fertiliser use, irrigation and horticulture.",National Informatics Centre,CSV; XLSX; JSON; REST API,Varies by resource,"10,000+ agriculture resources",Government Open Data License - India,https://www.data.gov.in/government-open-data-license-india,open,yes,Open Government Data Platform India,topics/agriculture-and-crops/in/dataset-02.json
ministry-of-agriculture-agricultural-statistics-at-a-glance,Ministry of Agriculture Agricultural Statistics at a Glance,agriculture-and-crops,in,India,https://agriwelfare.gov.in/en/Agricultural_Statistics_at_a_Glance,"The annual national compendium of crop area, production, yield, prices, credit, machinery and land holdings by state and crop.",Ministry of Agriculture and Farmers Welfare,PDF; XLSX,~100 MB per edition,Annual editions with long historical series,Government Open Data License - India,https://www.data.gov.in/government-open-data-license-india,open,yes,"Ministry of Agriculture and Farmers Welfare, Agricultural Statistics at a Glance",topics/agriculture-and-crops/in/dataset-03.json
upag-unified-portal-for-agricultural-statistics,UPAg Unified Portal for Agricultural Statistics,agriculture-and-crops,in,India,https://upag.gov.in/,"India's unified agricultural statistics portal consolidating crop area, production, yield, price, procurement and stock data from multiple ministries into one analytical interface.",Ministry of Agriculture and Farmers Welfare,CSV; XLSX; Web dashboard,Varies by report,Crop-wise series across states and seasons,Government Open Data License - India,https://www.data.gov.in/government-open-data-license-india,open,yes,"UPAg Portal, Ministry of Agriculture and Farmers Welfare, Government of India",topics/agriculture-and-crops/in/dataset-04.json
faostat-india,FAOSTAT India,agriculture-and-crops,in,India,https://www.fao.org/faostat/en/,"Harmonised international agricultural statistics covering production, trade, food balance sheets, land use, emissions and prices for India and 245 other territories.",Food and Agriculture Organization of the United Nations,CSV; REST API; ZIP,~20 GB,"245 territories, 1961 onward",CC BY 4.0,https://www.fao.org/contact-us/terms/en/,open,yes,"FAOSTAT, Food and Agriculture Organization of the United Nations",topics/agriculture-and-crops/in/dataset-05.json
usda-nass-quick-stats,USDA NASS Quick Stats,agriculture-and-crops,us,United States,https://quickstats.nass.usda.gov/,"The full agricultural census and survey database with crop and livestock production, acreage, yield, price and farm economics down to county level.",USDA National Agricultural Statistics Service,CSV; REST API,~40 GB,70 million+ observations since 1866,US Government public domain,https://www.nass.usda.gov/,registration,yes,"USDA National Agricultural Statistics Service, Quick Stats",topics/agriculture-and-crops/us/dataset-01.json
usda-cropland-data-layer,USDA Cropland Data Layer,agriculture-and-crops,us,United States,https://www.nass.usda.gov/Research_and_Science/Cropland/SARS1a.php,"Annual 30-metre raster classification of crop type across the continental United States, derived from satellite imagery and ground truth.",USDA National Agricultural Statistics Service,GeoTIFF; Web service,~10 GB per year,Continental US coverage from 1997,US Government public domain,https://www.nass.usda.gov/,open,yes,USDA NASS Cropland Data Layer,topics/agriculture-and-crops/us/dataset-02.json
usda-economic-research-service-data-products,USDA Economic Research Service Data Products,agriculture-and-crops,us,United States,https://www.ers.usda.gov/data-products,"Curated economic datasets covering farm income, food prices, food security, rural demographics, commodity outlook and international agricultural trade.",USDA Economic Research Service,CSV; XLSX; REST API,Multi-GB,200+ data products,US Government public domain,https://www.ers.usda.gov/,open,yes,USDA Economic Research Service Data Products,topics/agriculture-and-crops/us/dataset-03.json
census-of-agriculture,Census of Agriculture,agriculture-and-crops,us,United States,https://www.nass.usda.gov/AgCensus/,"The quinquennial census of every US farm operation, reporting land use, production, sales, expenses, machinery, operator demographics and practices.",USDA National Agricultural Statistics Service,CSV; PDF; REST API,~5 GB,1.9 million farms enumerated,US Government public domain,https://www.nass.usda.gov/,open,yes,USDA Census of Agriculture,topics/agriculture-and-crops/us/dataset-04.json
usda-risk-management-agency-crop-insurance-data,USDA Risk Management Agency Crop Insurance Data,agriculture-and-crops,us,United States,https://www.rma.usda.gov/tools-reports/summary-business,"Summary of business files reporting insured acres, liability, premium, subsidy and indemnity payments by county, crop, practice and cause of loss.",USDA Risk Management Agency,TXT; CSV; ZIP,~10 GB,County-crop records since 1989,US Government public domain,https://www.rma.usda.gov/,open,yes,"USDA Risk Management Agency, Summary of Business",topics/agriculture-and-crops/us/dataset-05.json
eea-air-quality-data,EEA Air Quality Data,air-quality-and-pollution,eu,European Union,https://www.eea.europa.eu/en/topics/in-depth/air-pollution,"Validated hourly and annual pollutant measurements reported by every EEA member country under the Air Quality Directive, with station metadata and exceedance statistics.",European Environment Agency,CSV; Parquet; REST API,~200 GB,"Billions of measurements from 5,000+ stations","EEA open data policy, free reuse with attribution",https://www.eea.europa.eu/en/legal-notice,open,yes,"European Environment Agency, Air Quality e-Reporting",topics/air-quality-and-pollution/eu/dataset-01.json
copernicus-atmosphere-monitoring-service,Copernicus Atmosphere Monitoring Service,air-quality-and-pollution,eu,European Union,https://atmosphere.copernicus.eu/,"Global and European reanalysis and forecasts of atmospheric composition covering ozone, aerosols, greenhouse gases, pollen and UV index.",ECMWF and Copernicus,NetCDF; GRIB; Python API,Petabyte-scale,"Global coverage, hourly forecasts and reanalysis from 2003","Copernicus licence, free reuse with attribution",https://atmosphere.copernicus.eu/,registration,yes,"Copernicus Atmosphere Monitoring Service (CAMS), ECMWF",topics/air-quality-and-pollution/eu/dataset-02.json
edgar-emissions-database,EDGAR Emissions Database,air-quality-and-pollution,eu,European Union,https://edgar.jrc.ec.europa.eu/,"Gridded global inventory of greenhouse gas and air pollutant emissions by country, sector and year, independent of national reporting.",European Commission Joint Research Centre,CSV; NetCDF; XLSX,~50 GB,Global grids and country series from 1970,CC BY 4.0,https://edgar.jrc.ec.europa.eu/,open,yes,"Crippa et al., EDGAR Emissions Database for Global Atmospheric Research, European Commission JRC",topics/air-quality-and-pollution/eu/dataset-03.json
eea-industrial-emissions-portal,EEA Industrial Emissions Portal,air-quality-and-pollution,eu,European Union,https://industry.eea.europa.eu/,"Facility-level pollutant releases and transfers reported by large European industrial installations, with permit, sector and location detail.",European Environment Agency,CSV; REST API,~10 GB,"60,000+ industrial facilities","EEA open data policy, free reuse with attribution",https://www.eea.europa.eu/en/legal-notice,open,yes,"European Environment Agency, Industrial Emissions Portal",topics/air-quality-and-pollution/eu/dataset-04.json
eurostat-environment-database,Eurostat Environment Database,air-quality-and-pollution,eu,European Union,https://ec.europa.eu/eurostat/web/environment/database,"Harmonised European environmental accounts covering air emissions by economic activity, waste, water use, and environmental taxes.",Eurostat,TSV; SDMX; REST API,~5 GB,Annual series for all EU member states,"Eurostat reuse policy, free with attribution",https://ec.europa.eu/eurostat/web/main/help/copyright-notice,open,yes,"Eurostat, environment statistics database",topics/air-quality-and-pollution/eu/dataset-05.json
cpcb-central-control-room-for-air-quality,CPCB Central Control Room for Air Quality,air-quality-and-pollution,in,India,https://airquality.cpcb.gov.in/ccr/,"Live and historical readings from India's continuous ambient air quality monitoring network, reporting PM2.5, PM10, NO2, SO2, CO and ozone per station.",Central Pollution Control Board,CSV; Web dashboard,Varies by query,500+ monitoring stations across 250+ cities,Government Open Data License - India,https://www.data.gov.in/government-open-data-license-india,open,yes,"Central Pollution Control Board, Central Control Room for Air Quality Management",topics/air-quality-and-pollution/in/dataset-01.json
openaq-india,OpenAQ India,air-quality-and-pollution,in,India,https://openaq.org/,"Aggregated and normalised air quality measurements from government and research monitors worldwide, with India among the best-covered countries, exposed through an open API.",OpenAQ,REST API; CSV; Parquet,Multi-TB archive on S3,2 billion+ measurements globally,CC BY 4.0,https://docs.openaq.org/,registration,yes,"OpenAQ, https://openaq.org/",topics/air-quality-and-pollution/in/dataset-02.json
data-gov-in-environment-sector,data.gov.in Environment Sector,air-quality-and-pollution,in,India,https://www.data.gov.in/sector/environment-and-forest,"Open government catalogue of environmental datasets covering ambient air quality by city and year, forest cover, water quality and pollution complaints.",National Informatics Centre,CSV; XLSX; JSON; REST API,Varies by resource,"2,000+ environment resources",Government Open Data License - India,https://www.data.gov.in/government-open-data-license-india,open,yes,Open Government Data Platform India,topics/air-quality-and-pollution/in/dataset-03.json
nasa-earthdata-air-quality,NASA Earthdata Air Quality,air-quality-and-pollution,in,India,https://www.earthdata.nasa.gov/topics/atmosphere/air-quality,"Satellite-derived aerosol optical depth, NO2 and particulate estimates with global coverage, widely used to fill gaps where ground monitors are sparse.",NASA,HDF; NetCDF; GeoTIFF; REST API,TB-scale,Daily global coverage since 2000,"NASA open data policy, free and open",https://www.earthdata.nasa.gov/engage/open-data-services-software-policies,registration,yes,NASA Earthdata,topics/air-quality-and-pollution/in/dataset-04.json
system-of-air-quality-and-weather-forecasting-safar,System of Air Quality and Weather Forecasting (SAFAR),air-quality-and-pollution,in,India,https://www.tropmet.res.in/,"Research-grade air quality and weather forecasting outputs for major Indian metros, produced by the Indian Institute of Tropical Meteorology.",Indian Institute of Tropical Meteorology,CSV; PDF; Web dashboard,Varies by product,Multi-city forecast and observation series,Research use; attribution requested,https://www.tropmet.res.in/,open,check,"Indian Institute of Tropical Meteorology, SAFAR",topics/air-quality-and-pollution/in/dataset-05.json
epa-air-quality-system-aqs,EPA Air Quality System (AQS),air-quality-and-pollution,us,United States,https://www.epa.gov/aqs,"The federal repository of ambient air monitoring data, holding validated hourly, daily and annual pollutant measurements from thousands of state and local monitors.",US Environmental Protection Agency,CSV; REST API,~50 GB,Billions of measurements since 1957,US Government public domain,https://www.epa.gov/,registration,yes,"US EPA, Air Quality System",topics/air-quality-and-pollution/us/dataset-01.json
airnow-api,AirNow API,air-quality-and-pollution,us,United States,https://docs.airnowapi.org/,"Real-time and forecast Air Quality Index observations by ZIP code, city or bounding box, the feed behind most US air quality apps.",US EPA and partner agencies,REST API; JSON; CSV,API,"2,000+ reporting stations",US Government public domain; API key required,https://docs.airnowapi.org/faq,registration,yes,"AirNow, US EPA",topics/air-quality-and-pollution/us/dataset-02.json
epa-national-emissions-inventory,EPA National Emissions Inventory,air-quality-and-pollution,us,United States,https://www.epa.gov/air-emissions-inventories/national-emissions-inventory-nei,"Triennial bottom-up inventory of criteria and hazardous air pollutant emissions from point, mobile, area and biogenic sources, resolved to county and facility level.",US Environmental Protection Agency,CSV; Access DB,~10 GB,Millions of emission source records,US Government public domain,https://www.epa.gov/,open,yes,"US EPA, National Emissions Inventory",topics/air-quality-and-pollution/us/dataset-03.json
epa-envirofacts,EPA Envirofacts,air-quality-and-pollution,us,United States,https://enviro.epa.gov/,"Unified query and API layer over EPA's regulatory databases covering air permits, toxic releases, water discharges, hazardous waste and facility compliance.",US Environmental Protection Agency,REST API; CSV; JSON,Varies by system,Millions of regulated facility records,US Government public domain,https://www.epa.gov/,open,yes,US EPA Envirofacts,topics/air-quality-and-pollution/us/dataset-04.json
purpleair-real-time-data,PurpleAir Real-Time Data,air-quality-and-pollution,us,United States,https://api.purpleair.com/,"Readings from a global network of low-cost consumer PM sensors, giving far denser spatial coverage than regulatory monitors at lower accuracy.",PurpleAir,REST API; JSON; CSV,API,"30,000+ sensors worldwide",PurpleAir API terms; free tier for non-commercial use,https://www2.purpleair.com/policies/terms-of-service,registration,check,"PurpleAir, Inc.",topics/air-quality-and-pollution/us/dataset-05.json
abs-tourism-and-transport-statistics,ABS Tourism and Transport Statistics,aviation-and-flights,au,Australia,https://www.abs.gov.au/statistics/industry/tourism-and-transport,"Official Australian statistics on air and sea passenger movements, overseas arrivals and departures, and transport industry activity.",Australian Bureau of Statistics,XLSX; CSV; SDMX,~1 GB,Monthly arrival and departure series,CC BY 4.0,https://www.abs.gov.au/website-privacy-copyright-and-disclaimer,open,yes,"Australian Bureau of Statistics, Tourism and transport",topics/aviation-and-flights/au/dataset-01.json
bom-aviation-weather-services,BOM Aviation Weather Services,aviation-and-flights,au,Australia,https://www.bom.gov.au/aviation/,"Aerodrome forecasts, METARs, SIGMETs, wind and temperature charts and volcanic ash advisories for Australian airspace.",Bureau of Meteorology,TAF; METAR; PDF; Web,Continuous feeds,All Australian aerodromes and FIRs,CC BY 4.0,https://www.bom.gov.au/other/copyright.shtml,open,yes,"Australian Bureau of Meteorology, Aviation Weather Services",topics/aviation-and-flights/au/dataset-02.json
airservices-australia-data,Airservices Australia Data,aviation-and-flights,au,Australia,https://www.airservicesaustralia.com/,"Air traffic management data including movement counts by airport, noise monitoring, flight paths and aeronautical information publications.",Airservices Australia,CSV; PDF; Web,Multi-GB,Movement and noise series across major airports,CC BY 4.0 for most published data,https://www.airservicesaustralia.com/,open,check,Airservices Australia,topics/aviation-and-flights/au/dataset-03.json
data-gov-au-transport-datasets,data.gov.au Transport Datasets,aviation-and-flights,au,Australia,https://data.gov.au/,"Australia's federal open data catalogue, including BITRE aviation activity, airport movements and transport infrastructure datasets with a CKAN API.",Bureau of Infrastructure and Transport Research Economics,CSV; JSON; REST API,Varies by dataset,Hundreds of transport datasets,CC BY 4.0,https://data.gov.au/,open,yes,"data.gov.au, BITRE datasets",topics/aviation-and-flights/au/dataset-04.json
eurocontrol-aviation-data-for-research,EUROCONTROL Aviation Data for Research,aviation-and-flights,eu,European Union,https://www.eurocontrol.int/dashboard/rnd-data-archive,"Four-dimensional flight trajectories, flight plans and airport operational data for European airspace, released specifically for research use.",EUROCONTROL,CSV; ZIP,~100 GB,Millions of flights across sample months,"EUROCONTROL research data terms, free with registration",https://www.eurocontrol.int/dashboard/rnd-data-archive,registration,no,EUROCONTROL R&D Data Archive,topics/aviation-and-flights/eu/dataset-01.json
eurocontrol-aviation-intelligence-portal,EUROCONTROL Aviation Intelligence Portal,aviation-and-flights,eu,European Union,https://www.eurocontrol.int/our-data,"Pan-European air traffic statistics covering daily traffic counts, delays, punctuality, airport throughput and network performance.",EUROCONTROL,CSV; XLSX; Dashboard,Multi-GB,Daily series across European airports and states,"EUROCONTROL terms, free reuse with attribution",https://www.eurocontrol.int/our-data,open,check,EUROCONTROL Aviation Intelligence Unit,topics/aviation-and-flights/eu/dataset-02.json
eurostat-air-transport-statistics,Eurostat Air Transport Statistics,aviation-and-flights,eu,European Union,https://ec.europa.eu/eurostat/web/transport/database,"Harmonised European air transport statistics on passengers, freight and aircraft movements by airport, route pair and country.",Eurostat,TSV; SDMX; REST API,~5 GB,Monthly and annual series for all EU airports,"Eurostat reuse policy, free with attribution",https://ec.europa.eu/eurostat/web/main/help/copyright-notice,open,yes,"Eurostat, transport statistics database",topics/aviation-and-flights/eu/dataset-03.json
easa-safety-data-and-publications,EASA Safety Data and Publications,aviation-and-flights,eu,European Union,https://www.easa.europa.eu/en/domains/safety-management,"European aviation safety statistics, occurrence analysis, annual safety reviews and certification data for aircraft and operators.",European Union Aviation Safety Agency,PDF; XLSX; CSV,~1 GB,Annual safety datasets and occurrence summaries,"EASA reuse terms, free with attribution",https://www.easa.europa.eu/en,open,check,European Union Aviation Safety Agency,topics/aviation-and-flights/eu/dataset-04.json
opensky-network-european-coverage,OpenSky Network European Coverage,aviation-and-flights,eu,European Union,https://opensky-network.org/datasets/,"Curated public datasets derived from the OpenSky sensor network, including COVID-19 flight impact, aircraft database and state vector samples with dense European coverage.",OpenSky Network,CSV; Parquet; GZIP,~500 GB,Curated multi-year flight datasets,CC BY 4.0 for published datasets,https://opensky-network.org/about/terms-of-use,open,check,"Strohmeier et al. (2021), Crowdsourced Air Traffic Data from the OpenSky Network. Earth System Science Data",topics/aviation-and-flights/eu/dataset-05.json
bts-on-time-performance,BTS On-Time Performance,aviation-and-flights,us,United States,https://www.transtats.bts.gov/ontime/,"Every scheduled domestic flight by a reporting US carrier with departure and arrival delay, cancellation, diversion and delay-cause breakdown.",Bureau of Transportation Statistics,CSV; ZIP,~30 GB,200 million+ flights since 1987,US Government public domain,https://www.bts.gov/,open,yes,"Bureau of Transportation Statistics, Airline On-Time Performance Data",topics/aviation-and-flights/us/dataset-01.json
faa-aircraft-registry,FAA Aircraft Registry,aviation-and-flights,us,United States,https://www.faa.gov/licenses_certificates/aircraft_certification/aircraft_registry/releasable_aircraft_download,"The releasable database of every US-registered civil aircraft with N-number, serial, make, model, engine, owner and airworthiness status.",Federal Aviation Administration,CSV; ZIP,~200 MB,"300,000+ registered aircraft",US Government public domain,https://www.faa.gov/,open,yes,"FAA Aircraft Registry, Releasable Aircraft Database",topics/aviation-and-flights/us/dataset-02.json
faa-aviation-safety-information-analysis-and-sharing,FAA Aviation Safety Information Analysis and Sharing,aviation-and-flights,us,United States,https://www.asias.faa.gov/,"Aviation safety data covering accidents, incidents, runway incursions, near midair collisions and service difficulty reports.",Federal Aviation Administration,CSV; XLSX; Web query,Multi-GB,Decades of safety event records,US Government public domain,https://www.faa.gov/,open,yes,FAA Aviation Safety Information Analysis and Sharing (ASIAS),topics/aviation-and-flights/us/dataset-03.json
ntsb-aviation-accident-database,NTSB Aviation Accident Database,aviation-and-flights,us,United States,https://www.ntsb.gov/Pages/AviationQueryV2.aspx,"Investigated civil aviation accidents and incidents since 1962 with aircraft, operation type, injuries, weather, phase of flight and probable cause.",National Transportation Safety Board,CSV; JSON; XML; Access DB,~1 GB,"90,000+ investigated events",US Government public domain,https://www.ntsb.gov/,open,yes,"National Transportation Safety Board, Aviation Accident Database",topics/aviation-and-flights/us/dataset-04.json
opensky-network,OpenSky Network,aviation-and-flights,us,United States,https://opensky-network.org/,"Crowd-sourced ADS-B and Mode S air traffic surveillance data with raw and decoded state vectors, covering global flight trajectories at second-level resolution.",OpenSky Network,REST API; Impala; CSV; Parquet,Petabyte-scale,Trillions of state vectors since 2013,Free for non-commercial research; CC BY-SA for published datasets,https://opensky-network.org/about/terms-of-use,registration,no,"Schäfer et al. (2014), Bringing Up OpenSky. IPSN 2014",topics/aviation-and-flights/us/dataset-05.json
banco-central-do-brasil-open-data-portal,Banco Central do Brasil Open Data Portal,banking-and-payments,br,Brazil,https://dadosabertos.bcb.gov.br/,"The Brazilian central bank's open data portal with APIs for exchange rates, interest rates, credit aggregates, bank rankings and payment system volumes.",Banco Central do Brasil,REST API; CSV; JSON; OData,Multi-GB,Hundreds of datasets with daily updates,"Free reuse with attribution, Brazilian open data policy",https://dadosabertos.bcb.gov.br/,open,yes,"Banco Central do Brasil, Portal de Dados Abertos",topics/banking-and-payments/br/dataset-01.json
bcb-pix-statistics,BCB Pix Statistics,banking-and-payments,br,Brazil,https://www.bcb.gov.br/estabilidadefinanceira/estatisticaspix,"Transaction volumes, values, user counts and settlement statistics for Pix, Brazil's instant payment system and one of the most-adopted in the world.",Banco Central do Brasil,CSV; XLSX; REST API,~5 GB,Monthly and quarterly series since 2020,"Free reuse with attribution, Brazilian open data policy",https://www.bcb.gov.br/,open,yes,"Banco Central do Brasil, Estatísticas do Pix",topics/banking-and-payments/br/dataset-02.json
bcb-sgs-time-series-management-system,BCB SGS Time Series Management System,banking-and-payments,br,Brazil,https://www.bcb.gov.br/estatisticas,"The central bank's statistical series system covering monetary policy, credit, balance of payments, fiscal indicators and market expectations.",Banco Central do Brasil,CSV; XLSX; REST API; OData,Multi-GB,"20,000+ economic time series","Free reuse with attribution, Brazilian open data policy",https://www.bcb.gov.br/,open,yes,"Banco Central do Brasil, Sistema Gerenciador de Séries Temporais",topics/banking-and-payments/br/dataset-03.json
cvm-open-data,CVM Open Data,banking-and-payments,br,Brazil,https://dados.cvm.gov.br/,"Brazilian securities regulator data covering listed company filings, investment fund daily returns and holdings, and registered intermediaries.",Comissão de Valores Mobiliários,CSV; ZIP,~100 GB,"Daily fund data for 30,000+ funds","Free reuse with attribution, Brazilian open data policy",https://dados.cvm.gov.br/,open,yes,"Comissão de Valores Mobiliários, Dados Abertos",topics/banking-and-payments/br/dataset-04.json
open-finance-brasil,Open Finance Brasil,banking-and-payments,br,Brazil,https://openfinancebrasil.org.br/,"The technical standards, participant directory and public APIs for Brazil's open banking regime, including product and channel reference data.",Open Finance Brasil governance structure,REST API; JSON; OpenAPI,API,800+ participating institutions,Open specifications; participant data under regime rules,https://openfinancebrasil.org.br/,open,check,Open Finance Brasil,topics/banking-and-payments/br/dataset-05.json
deutsche-bundesbank-time-series-database,Deutsche Bundesbank Time Series Database,banking-and-payments,de,Germany,https://www.bundesbank.de/en/statistics,"The German central bank's statistical database covering money and banking, interest rates, balance of payments, securities holdings and payment systems.",Deutsche Bundesbank,CSV; XLSX; SDMX; REST API,Multi-GB,"100,000+ time series",Free reuse with attribution to Deutsche Bundesbank,https://www.bundesbank.de/en,open,yes,"Deutsche Bundesbank, Time series databases",topics/banking-and-payments/de/dataset-01.json
ecb-data-portal,ECB Data Portal,banking-and-payments,de,Germany,https://data.ecb.europa.eu/,"Euro area monetary, financial, banking supervision and payment statistics with an SDMX API, covering Germany alongside all euro area members.",European Central Bank,CSV; SDMX; REST API; JSON,Multi-GB,Millions of series across 60+ datasets,"ECB terms, free reuse with attribution",https://www.ecb.europa.eu/services/disclaimer/html/index.en.html,open,yes,European Central Bank Data Portal,topics/banking-and-payments/de/dataset-02.json
bafin-company-database,BaFin Company Database,banking-and-payments,de,Germany,https://portal.mvp.bafin.de/database/InstInfo/,"The register of authorised German banks, insurers, investment firms and payment institutions with licence scope and identifiers.",Bundesanstalt für Finanzdienstleistungsaufsicht,Web; CSV; XLSX,~200 MB,Thousands of supervised institutions,Free reuse with attribution to BaFin,https://www.bafin.de/EN/Homepage/homepage_node.html,open,yes,BaFin Company Database,topics/banking-and-payments/de/dataset-03.json
eba-risk-dashboard-and-transparency-exercise,EBA Risk Dashboard and Transparency Exercise,banking-and-payments,de,Germany,https://www.eba.europa.eu/risk-and-data-analysis/risk-analysis/risk-monitoring,"Bank-by-bank capital, asset quality, profitability and exposure data from EU-wide transparency exercises and stress tests, including German institutions.",European Banking Authority,XLSX; CSV,~5 GB,100+ banks reported per exercise,"EBA terms, free reuse with attribution",https://www.eba.europa.eu/legal-notice,open,yes,"European Banking Authority, EU-wide Transparency Exercise",topics/banking-and-payments/de/dataset-04.json
destatis-genesis-online,DESTATIS GENESIS-Online,banking-and-payments,de,Germany,https://genesis.destatis.de/datenbank/online/,"Germany's official statistics database covering finance, prices, business, population and trade, with a documented REST and SOAP API.",Statistisches Bundesamt,CSV; XLSX; REST API,Varies by table,Hundreds of thousands of statistical tables,DL-DE-BY-2.0,https://www.govdata.de/dl-de/by-2-0,registration,yes,"Statistisches Bundesamt (Destatis), GENESIS-Online",topics/banking-and-payments/de/dataset-05.json
ffiec-call-reports,FFIEC Call Reports,banking-and-payments,us,United States,https://cdr.ffiec.gov/public/,"Quarterly regulatory filings from every US bank with full balance sheet, income statement, loan composition, capital ratios and credit quality detail.",Federal Financial Institutions Examination Council,CSV; XBRL; TXT,~100 GB,"4,500+ banks filing quarterly since 1976",US Government public domain,https://cdr.ffiec.gov/public/,open,yes,"FFIEC Central Data Repository, Call Reports",topics/banking-and-payments/us/dataset-01.json
fdic-bankfind-suite-and-api,FDIC BankFind Suite and API,banking-and-payments,us,United States,https://banks.data.fdic.gov/docs/,"Institution directory, financial summaries, branch locations, failure history and merger records for every FDIC-insured bank.",Federal Deposit Insurance Corporation,REST API; CSV; JSON,Multi-GB,Institution data from 1934,US Government public domain,https://www.fdic.gov/,open,yes,FDIC BankFind Suite API,topics/banking-and-payments/us/dataset-02.json
federal-reserve-payments-study,Federal Reserve Payments Study,banking-and-payments,us,United States,https://www.federalreserve.gov/paymentsystems/fr-payments-study.htm,"Triennial and annual measurement of US noncash payment volumes and values across cards, ACH, checks and their fraud rates.",Board of Governors of the Federal Reserve System,XLSX; CSV; PDF,~500 MB,Payment aggregates since 2000,US Government public domain,https://www.federalreserve.gov/,open,yes,Federal Reserve Payments Study,topics/banking-and-payments/us/dataset-03.json
cfpb-consumer-complaint-database,CFPB Consumer Complaint Database,banking-and-payments,us,United States,https://www.consumerfinance.gov/data-research/consumer-complaints/,"Consumer complaints about financial products with product, issue, company, state, narrative text and company response, updated daily.",Consumer Financial Protection Bureau,CSV; JSON; REST API,~3 GB,6 million+ complaints since 2011,US Government public domain,https://www.consumerfinance.gov/,open,yes,"Consumer Financial Protection Bureau, Consumer Complaint Database",topics/banking-and-payments/us/dataset-04.json
ncua-credit-union-call-report-data,NCUA Credit Union Call Report Data,banking-and-payments,us,United States,https://ncua.gov/analysis/credit-union-corporate-call-report-data,"Quarterly financial and statistical filings from every federally insured credit union, with balance sheet, membership and delinquency detail.",National Credit Union Administration,CSV; Access DB; ZIP,~20 GB,"4,500+ credit unions filing quarterly",US Government public domain,https://ncua.gov/,open,yes,"National Credit Union Administration, Call Report Data",topics/banking-and-payments/us/dataset-05.json
ons-census-2021,ONS Census 2021,census-and-demographics,gb,United Kingdom,https://www.ons.gov.uk/census,"The full England and Wales census outputs covering population, ethnicity, religion, health, employment, housing and travel to work down to output area level.",Office for National Statistics,CSV; XLSX; REST API,Multi-GB,"59.6 million people, 24.8 million households",Open Government Licence v3.0,https://www.nationalarchives.gov.uk/doc/open-government-licence/version/3/,open,yes,"Office for National Statistics, Census 2021",topics/census-and-demographics/gb/dataset-01.json
nomis,Nomis,census-and-demographics,gb,United Kingdom,https://www.nomisweb.co.uk/,"The official query interface for UK census and labour market statistics, with a documented API and downloads at every geography from country to output area.",Office for National Statistics and Durham University,CSV; REST API; XLSX,Varies by query,"1,000+ datasets across census and labour market",Open Government Licence v3.0,https://www.nomisweb.co.uk/home/copyright.asp,open,yes,"Nomis, official labour market statistics",topics/census-and-demographics/gb/dataset-02.json
ons-open-geography-portal,ONS Open Geography Portal,census-and-demographics,gb,United Kingdom,https://geoportal.statistics.gov.uk/,"Boundary files, lookups and postcode directories for every UK statistical geography, the join keys behind all small-area analysis.",Office for National Statistics,Shapefile; GeoJSON; CSV; REST API,~20 GB,All UK statistical geographies with historical versions,Open Government Licence v3.0 with OS attribution,https://www.nationalarchives.gov.uk/doc/open-government-licence/version/3/,open,yes,ONS Open Geography Portal,topics/census-and-demographics/gb/dataset-03.json
national-records-of-scotland-statistics,National Records of Scotland Statistics,census-and-demographics,gb,United Kingdom,https://www.nrscotland.gov.uk/statistics-and-data,"Scotland's census, vital events, migration and population projection statistics, published separately from the England and Wales census.",National Records of Scotland,CSV; XLSX; PDF,~2 GB,Scottish census and annual vital statistics,Open Government Licence v3.0,https://www.nationalarchives.gov.uk/doc/open-government-licence/version/3/,open,yes,National Records of Scotland,topics/census-and-demographics/gb/dataset-04.json
ons-developer-hub,ONS Developer Hub,census-and-demographics,gb,United Kingdom,https://developer.ons.gov.uk/,"Programmatic access to ONS published datasets and time series, returning census tables, economic indicators and population estimates as JSON.",Office for National Statistics,REST API; JSON; CSV,API,Hundreds of datasets and thousands of series,Open Government Licence v3.0,https://www.nationalarchives.gov.uk/doc/open-government-licence/version/3/,open,yes,ONS Developer Hub,topics/census-and-demographics/gb/dataset-05.json
census-of-india,Census of India,census-and-demographics,in,India,https://censusindia.gov.in/census.website/,"Decennial national census tables covering population, literacy, household amenities, migration, language and occupation down to village and ward level.",Office of the Registrar General and Census Commissioner,XLSX; PDF; CSV,~20 GB full tables,1.2 billion+ people enumerated in 2011,Government Open Data License - India,https://www.data.gov.in/government-open-data-license-india,open,yes,"Census of India, Office of the Registrar General",topics/census-and-demographics/in/dataset-01.json
national-family-health-survey,National Family Health Survey,census-and-demographics,in,India,https://dhsprogram.com/data/available-datasets.cfm,"Large-scale household survey of health, nutrition, fertility, anaemia and women's empowerment indicators, reported down to district level.",International Institute for Population Sciences and The DHS Program,PDF; XLSX; Stata,~5 GB,"600,000+ households in NFHS-5",Free for research; DHS data access terms apply,https://dhsprogram.com/data/available-datasets.cfm,registration,no,"International Institute for Population Sciences, National Family Health Survey",topics/census-and-demographics/in/dataset-02.json
mospi-national-statistics,MoSPI National Statistics,census-and-demographics,in,India,https://www.mospi.gov.in/,"India's central statistics office publishing national accounts, consumption expenditure, periodic labour force and price index data.",Ministry of Statistics and Programme Implementation,XLSX; CSV; PDF,Varies by release,Hundreds of statistical releases,Government Open Data License - India,https://www.data.gov.in/government-open-data-license-india,open,yes,"Ministry of Statistics and Programme Implementation, Government of India",topics/census-and-demographics/in/dataset-03.json
data-gov-in-open-government-data-platform,data.gov.in Open Government Data Platform,census-and-demographics,in,India,https://www.data.gov.in/,"India's central open data catalogue spanning every ministry, with a resource API and datasets covering demographics, agriculture, health and infrastructure.",National Informatics Centre,CSV; XLSX; JSON; XML; REST API,Varies by resource,"600,000+ resources",Government Open Data License - India,https://www.data.gov.in/government-open-data-license-india,registration,yes,Open Government Data Platform India,topics/census-and-demographics/in/dataset-04.json
ipums-international-india-samples,IPUMS International India Samples,census-and-demographics,in,India,https://international.ipums.org/international/,"Harmonised census microdata samples for India alongside 100 other countries, with consistent variable definitions enabling cross-national comparison.","IPUMS, University of Minnesota",CSV; Stata; SPSS; SAS,Varies by extract,Millions of person records per sample,Free for research; redistribution prohibited,https://international.ipums.org/international/citation.shtml,registration,no,"Minnesota Population Center, IPUMS International",topics/census-and-demographics/in/dataset-05.json
us-census-bureau-data-api,US Census Bureau Data API,census-and-demographics,us,United States,https://www.census.gov/data/developers/data-sets.html,"Programmatic access to the decennial census, American Community Survey, population estimates and economic surveys down to block group level.",US Census Bureau,REST API; JSON; CSV,API,"Hundreds of datasets, thousands of variables",US Government public domain,https://www.census.gov/about/policies/open-gov.html,registration,yes,US Census Bureau Data API,topics/census-and-demographics/us/dataset-01.json
american-community-survey,American Community Survey,census-and-demographics,us,United States,https://www.census.gov/programs-surveys/acs,"Annual rolling survey of income, education, employment, housing, commuting, language and ancestry, the richest small-area socioeconomic source in the US.",US Census Bureau,CSV; REST API; SAS,~50 GB with microdata,3.5 million households surveyed per year,US Government public domain,https://www.census.gov/about/policies/open-gov.html,open,yes,"US Census Bureau, American Community Survey",topics/census-and-demographics/us/dataset-02.json
tiger-line-shapefiles,TIGER/Line Shapefiles,census-and-demographics,us,United States,https://www.census.gov/geographies/mapping-files/time-series/geo/tiger-line-file.html,"The official geographic boundary files for states, counties, tracts, block groups, blocks, ZCTAs, roads and legislative districts, updated annually.",US Census Bureau,Shapefile; GeoDatabase; GeoJSON,~30 GB full set,National coverage at every census geography level,US Government public domain,https://www.census.gov/about/policies/open-gov.html,open,yes,"US Census Bureau, TIGER/Line Shapefiles",topics/census-and-demographics/us/dataset-03.json
ipums-usa,IPUMS USA,census-and-demographics,us,United States,https://usa.ipums.org/usa/,"Harmonised US census and ACS microdata from 1850 to the present, with consistent variable coding across 170 years that the raw files do not provide.","IPUMS, University of Minnesota",CSV; Stata; SPSS; SAS; Parquet,Varies by extract,Billions of person records across samples,Free for research and education; redistribution prohibited,https://usa.ipums.org/usa/terms.shtml,registration,no,"Ruggles et al., IPUMS USA. Minneapolis, MN: IPUMS",topics/census-and-demographics/us/dataset-04.json
cdc-wonder,CDC WONDER,census-and-demographics,us,United States,https://wonder.cdc.gov/,"Query system over national births, deaths, cancer incidence and population estimates, aggregated by geography, demographic group and cause.",Centers for Disease Control and Prevention,TXT; CSV; REST API,Varies by query,Decades of vital statistics,"US Government public domain, with small-cell suppression rules",https://wonder.cdc.gov/datause.html,open,yes,"CDC WONDER, Centers for Disease Control and Prevention",topics/census-and-demographics/us/dataset-05.json
unternehmensregister,Unternehmensregister,company-registries,de,Germany,https://www.unternehmensregister.de/,"The central German company register aggregating commercial register entries, published annual accounts, capital market disclosures and insolvency notices.",Bundesanzeiger Verlag on behalf of the Federal Ministry of Justice,XML; PDF; Web,Multi-TB,3 million+ registered entities,Free access; bulk reuse subject to Bundesanzeiger terms,https://www.unternehmensregister.de/,open,check,"Unternehmensregister, Bundesanzeiger Verlag",topics/company-registries/de/dataset-01.json
govdata-company-and-economy-datasets,GovData Company and Economy Datasets,company-registries,de,Germany,https://www.govdata.de/,"Federal open data portal section covering business registers, trade statistics, insolvencies and economic indicators from all sixteen German states.",Bundesministerium des Innern,XML; PDF; Web,Multi-TB,5 million+ register entries,Varies; commonly DL-DE-BY-2.0 or CC BY 4.0,https://www.govdata.de/informationen/lizenzen,open,check,"GovData, Datenportal für Deutschland",topics/company-registries/de/dataset-02.json
offeneregister,OffeneRegister,company-registries,de,Germany,https://offeneregister.de/,"A civil society extraction of the German commercial register into bulk-downloadable structured data, with companies, officers and addresses as CSV and SQLite.",Open Knowledge Foundation Deutschland,CSV; SQLite; JSON,~5 GB,5 million+ companies and officers,ODbL 1.0,https://offeneregister.de/,open,yes,"OffeneRegister.de, Open Knowledge Foundation Deutschland",topics/company-registries/de/dataset-03.json
bundesanzeiger,Bundesanzeiger,company-registries,de,Germany,https://www.bundesanzeiger.de/,"The federal gazette publishing statutory company disclosures including annual financial statements, capital measures and liquidation notices.",Bundesanzeiger Verlag,XML; PDF; Web,Multi-TB,Millions of statutory publications,Free access; systematic reuse subject to terms,https://www.bundesanzeiger.de/,open,check,"Bundesanzeiger, Bundesanzeiger Verlag",topics/company-registries/de/dataset-04.json
destatis-business-statistics,Destatis Business Statistics,company-registries,de,Germany,https://www.destatis.de/EN/Themes/Economic-Sectors-Enterprises/_node.html,"Official German business demography covering enterprise counts, births and deaths, turnover size classes, insolvencies and sector structure.",Statistisches Bundesamt,CSV; XLSX; REST API,Multi-GB,Annual series across all economic sectors,DL-DE-BY-2.0,https://www.govdata.de/dl-de/by-2-0,open,yes,"Statistisches Bundesamt (Destatis), Economic sectors and enterprises",topics/company-registries/de/dataset-05.json
companies-house-public-data-product,Companies House Public Data Product,company-registries,gb,United Kingdom,https://download.companieshouse.gov.uk/en_output.html,"A monthly snapshot of every live company on the UK register with company number, registered address, SIC codes, incorporation date, status and accounts dates.",Companies House,CSV; ZIP,~2 GB,5 million+ live companies,Open Government Licence v3.0,https://www.nationalarchives.gov.uk/doc/open-government-licence/version/3/,open,yes,"Companies House, Free Company Data Product",topics/company-registries/gb/dataset-01.json
companies-house-public-data-api,Companies House Public Data API,company-registries,gb,United Kingdom,https://developer.company-information.service.gov.uk/,"REST access to company profiles, officers, persons with significant control, filing history, charges and insolvency records.",Companies House,REST API; JSON,API,"5 million+ companies, 12 million+ officers",Open Government Licence v3.0,https://www.nationalarchives.gov.uk/doc/open-government-licence/version/3/,registration,yes,Companies House Public Data API,topics/company-registries/gb/dataset-02.json
companies-house-persons-with-significant-control,Companies House Persons with Significant Control,company-registries,gb,United Kingdom,https://download.companieshouse.gov.uk/en_pscdata.html,"The beneficial ownership register naming individuals and entities controlling UK companies, with nature of control and ownership percentage bands.",Companies House,JSONL; ZIP,~3 GB,10 million+ PSC statements,Open Government Licence v3.0,https://www.nationalarchives.gov.uk/doc/open-government-licence/version/3/,open,yes,"Companies House, Persons with Significant Control snapshot",topics/company-registries/gb/dataset-03.json
ons-uk-business-activity-and-demography,ONS UK Business Activity and Demography,company-registries,gb,United Kingdom,https://www.ons.gov.uk/businessindustryandtrade/business,"Statistics on business births, deaths, survival rates, enterprise counts by size and industry, and regional business population.",Office for National Statistics,CSV; XLSX,Varies by release,Annual series by industry and region,Open Government Licence v3.0,https://www.nationalarchives.gov.uk/doc/open-government-licence/version/3/,open,yes,"Office for National Statistics, Business industry and trade",topics/company-registries/gb/dataset-04.json
opencorporates,OpenCorporates,company-registries,gb,United Kingdom,https://opencorporates.com/,"The largest open database of companies worldwide, normalising registry records from 140+ jurisdictions into consistent entity and officer schemas.",OpenCorporates,REST API; CSV; JSON,Multi-TB,200 million+ companies,Free API tier for open data reuse; bulk data requires a licence,https://opencorporates.com/,registration,check,"OpenCorporates, https://opencorporates.com/",topics/company-registries/gb/dataset-05.json
mca-company-master-data,MCA Company Master Data,company-registries,in,India,https://www.mca.gov.in/content/mca/global/en/data-and-reports/company-llp-data/company-llp-master-data.html,"Registry extracts of every registered Indian company and LLP with CIN, incorporation date, registered state, class, category, authorised capital and status.",Ministry of Corporate Affairs,CSV; XLSX,~2 GB,2 million+ registered entities,Government Open Data License - India,https://www.data.gov.in/government-open-data-license-india,open,yes,"Ministry of Corporate Affairs, Company and LLP Master Data",topics/company-registries/in/dataset-01.json
gst-portal-taxpayer-search,GST Portal Taxpayer Search,company-registries,in,India,https://www.gst.gov.in/,"Registry lookup of GST-registered businesses with legal name, trade name, registration date, constitution, jurisdiction and filing status.",Goods and Services Tax Network,Web; REST API,Varies by query,14 million+ registered taxpayers,Government terms of use; API access via GSP licensing,https://www.gst.gov.in/,registration,check,"Goods and Services Tax Network, Government of India",topics/company-registries/in/dataset-02.json
data-gov-in-industries-sector,data.gov.in Industries Sector,company-registries,in,India,https://www.data.gov.in/sector/industries,"Open government catalogue of industrial and corporate datasets covering company registrations, MSME statistics, industrial production and factory data.",National Informatics Centre,CSV; XLSX; JSON; REST API,Varies by resource,"5,000+ industry resources",Government Open Data License - India,https://www.data.gov.in/government-open-data-license-india,open,yes,Open Government Data Platform India,topics/company-registries/in/dataset-03.json
udyam-registration-msme-data,Udyam Registration MSME Data,company-registries,in,India,https://udyamregistration.gov.in/,"The national register of micro, small and medium enterprises with sector, investment band, employment and state distribution statistics.","Ministry of Micro, Small and Medium Enterprises",Web dashboard; XLSX; PDF,Varies by report,50 million+ registered enterprises,Government Open Data License - India,https://www.data.gov.in/government-open-data-license-india,open,yes,"Udyam Registration, Ministry of MSME",topics/company-registries/in/dataset-04.json
annual-survey-of-industries,Annual Survey of Industries,company-registries,in,India,https://www.mospi.gov.in/web/mospi/annual-survey-of-industries,"The principal source of Indian factory-sector statistics, reporting output, inputs, capital, employment and wages by industry and state.",Ministry of Statistics and Programme Implementation,PDF; XLSX; CSV,~2 GB,"200,000+ factories surveyed annually",Government Open Data License - India,https://www.data.gov.in/government-open-data-license-india,open,yes,"MoSPI, Annual Survey of Industries",topics/company-registries/in/dataset-05.json
find-case-law,Find Case Law,courts-and-legal,gb,United Kingdom,https://caselaw.nationalarchives.gov.uk/,"The official archive of UK court and tribunal judgments as structured XML, with a documented API and bulk access for computational analysis.",The National Archives,XML; REST API; Atom,~50 GB,"100,000+ judgments from 2001 onward",Open Justice Licence and OGL v3.0,https://caselaw.nationalarchives.gov.uk/about-this-service,open,check,"Find Case Law, The National Archives",topics/courts-and-legal/gb/dataset-01.json
bailii,BAILII,courts-and-legal,gb,United Kingdom,https://www.bailii.org/,"Free access to British and Irish primary legal materials including case law, legislation and law commission reports going back several centuries.",British and Irish Legal Information Institute,HTML; PDF,~100 GB,Millions of judgments and legislative documents,Free for personal and non-commercial use; bulk reuse requires permission,https://www.bailii.org/bailii/copyright.html,open,no,British and Irish Legal Information Institute (BAILII),topics/courts-and-legal/gb/dataset-02.json
legislation-gov-uk,legislation.gov.uk,courts-and-legal,gb,United Kingdom,https://www.legislation.gov.uk/,"The official database of UK legislation with full amended text, point-in-time versions and a comprehensive API returning Akoma Ntoso XML and RDF.",The National Archives,XML; RDF; REST API; HTML,~20 GB,All UK primary and secondary legislation from 1267,Open Government Licence v3.0,https://www.legislation.gov.uk/help,open,yes,"legislation.gov.uk, The National Archives",topics/courts-and-legal/gb/dataset-03.json
moj-court-statistics-quarterly,MoJ Court Statistics Quarterly,courts-and-legal,gb,United Kingdom,https://www.gov.uk/government/collections/civil-justice-statistics-quarterly,"Caseload, timeliness and outcome statistics for civil, family and administrative courts, with claim volumes, hearing delays and enforcement actions.",Ministry of Justice,ODS; CSV; XLSX,~1 GB,Quarterly series from 2007,Open Government Licence v3.0,https://www.nationalarchives.gov.uk/doc/open-government-licence/version/3/,open,yes,"Ministry of Justice, Civil Justice Statistics Quarterly",topics/courts-and-legal/gb/dataset-04.json
employment-tribunal-decisions,Employment Tribunal Decisions,courts-and-legal,gb,United Kingdom,https://www.gov.uk/employment-tribunal-decisions,"Full text of every published employment tribunal judgment, searchable by jurisdiction code, claimant, respondent and decision date.",HM Courts and Tribunals Service,PDF; HTML,~20 GB,"100,000+ published decisions since 2017",Open Government Licence v3.0,https://www.nationalarchives.gov.uk/doc/open-government-licence/version/3/,open,yes,"HM Courts and Tribunals Service, Employment tribunal decisions",topics/courts-and-legal/gb/dataset-05.json
national-judicial-data-grid,National Judicial Data Grid,courts-and-legal,in,India,https://njdg.ecourts.gov.in/,"Live monitoring dashboard of pending and disposed cases across Indian district and high courts, broken down by case type, age and stage.","eCourts, Department of Justice",Web dashboard; PDF; CSV,Varies by query,50 million+ pending and disposed cases,Government Open Data License - India,https://www.data.gov.in/government-open-data-license-india,open,yes,"National Judicial Data Grid, eCourts Project",topics/courts-and-legal/in/dataset-01.json
development-data-lab-indian-judicial-data,Development Data Lab Indian Judicial Data,courts-and-legal,in,India,https://www.devdatalab.org/judicial-data,"Cleaned and anonymised metadata for tens of millions of district court cases scraped from eCourts, with judge, party, act, section and outcome fields.",Development Data Lab,CSV; Parquet; Stata,~50 GB,77 million+ case records (2010-2018),Open for research use with attribution,https://www.devdatalab.org/judicial-data,open,check,"Ash, Asher, Bhowmick et al., In-group Bias in the Indian Judiciary, Development Data Lab",topics/courts-and-legal/in/dataset-02.json
india-code,India Code,courts-and-legal,in,India,https://www.indiacode.nic.in/,"The official digital repository of all central and state acts with amendments, subordinate legislation and section-level text.",Ministry of Law and Justice,PDF; HTML; XML,~20 GB,800+ central acts and thousands of state acts,Government Open Data License - India,https://www.data.gov.in/government-open-data-license-india,open,yes,"India Code, Ministry of Law and Justice",topics/courts-and-legal/in/dataset-03.json
supreme-court-of-india-judgments,Supreme Court of India Judgments,courts-and-legal,in,India,https://www.sci.gov.in/judgements-judgement-date/,"Full-text judgments and orders of the Supreme Court of India, searchable by date, bench, petitioner and subject.",Supreme Court of India,PDF; HTML,~50 GB,Judgments from 1950 onward,Government Open Data License - India,https://www.data.gov.in/government-open-data-license-india,open,yes,Supreme Court of India,topics/courts-and-legal/in/dataset-04.json
ecourts-services,eCourts Services,courts-and-legal,in,India,https://ecourts.gov.in/ecourts_home/,"Case status, cause lists, orders and judgments for district and taluka courts nationwide, the primary source behind Indian legal-tech datasets.","eCommittee, Supreme Court of India",Web; PDF; REST API,Varies by query,"20,000+ courts covered",Government Open Data License - India,https://www.data.gov.in/government-open-data-license-india,open,yes,"eCourts Services, eCommittee Supreme Court of India",topics/courts-and-legal/in/dataset-05.json
courtlistener-and-recap-archive,CourtListener and RECAP Archive,courts-and-legal,us,United States,https://www.courtlistener.com/help/api/,"Millions of federal and state court opinions, oral argument audio, judge profiles and PACER dockets, with bulk downloads and a full REST API.",Free Law Project,REST API; JSON; CSV; XML,~500 GB,10 million+ opinions and dockets,Public domain opinions; CC BY-SA for annotations,https://www.courtlistener.com/terms/,registration,yes,"Free Law Project, CourtListener",topics/courts-and-legal/us/dataset-01.json
federal-judicial-center-integrated-database,Federal Judicial Center Integrated Database,courts-and-legal,us,United States,https://www.fjc.gov/research/idb,"Docket-level records of every civil and criminal case filed in US district courts since 1970, with nature of suit, jurisdiction, disposition and duration.",Federal Judicial Center,CSV; SAS; TXT,~5 GB,Millions of case records since 1970,US Government public domain,https://www.fjc.gov/,open,yes,"Federal Judicial Center, Integrated Database",topics/courts-and-legal/us/dataset-02.json
us-courts-statistics-and-reports,US Courts Statistics and Reports,courts-and-legal,us,United States,https://www.uscourts.gov/data-news,"Official judiciary caseload statistics covering filings, terminations, pending cases, bankruptcy and probation, by district and circuit.",Administrative Office of the US Courts,XLSX; PDF; CSV,~1 GB,Quarterly and annual tables,US Government public domain,https://www.uscourts.gov/,open,yes,"Administrative Office of the US Courts, Judicial Business",topics/courts-and-legal/us/dataset-03.json
caselaw-access-project,Caselaw Access Project,courts-and-legal,us,United States,https://case.law/,"Digitised and structured US case law from 1658 to 2020, covering every officially published state and federal volume from the Harvard Law School Library.",Harvard Law School Library Innovation Lab,JSON; CSV; XML; Static files,~1 TB,"6.9 million cases, 40 million pages",CC0 1.0 for case text,https://case.law/about/,open,yes,"Caselaw Access Project, Harvard Law School Library Innovation Lab",topics/courts-and-legal/us/dataset-04.json
govinfo-bulk-data,GovInfo Bulk Data,courts-and-legal,us,United States,https://www.govinfo.gov/bulkdata,"Structured XML of federal statutes, the Code of Federal Regulations, the Federal Register, congressional bills and the US Code.",US Government Publishing Office,XML; ZIP; REST API,~200 GB,Full federal legislative and regulatory corpus,US Government public domain,https://www.govinfo.gov/about/policies,open,yes,"GovInfo, US Government Publishing Office",topics/courts-and-legal/us/dataset-05.json
data-police-uk,data.police.uk,crime-and-policing,gb,United Kingdom,https://data.police.uk/data/,"Street-level crime and outcome data for every police force in England, Wales and Northern Ireland, published monthly with anonymised coordinates and a free API.",Home Office,CSV; REST API; JSON,~10 GB full archive,60 million+ crimes since 2010,Open Government Licence v3.0,https://www.nationalarchives.gov.uk/doc/open-government-licence/version/3/,open,yes,"data.police.uk, Home Office",topics/crime-and-policing/gb/dataset-01.json
ons-crime-in-england-and-wales,ONS Crime in England and Wales,crime-and-policing,gb,United Kingdom,https://www.ons.gov.uk/peoplepopulationandcommunity/crimeandjustice,"National crime statistics combining police recorded crime with the Crime Survey for England and Wales, covering trends, victim characteristics and fraud.",Office for National Statistics,CSV; XLSX,Varies by release,Quarterly and annual series,Open Government Licence v3.0,https://www.nationalarchives.gov.uk/doc/open-government-licence/version/3/,open,yes,"Office for National Statistics, Crime and Justice",topics/crime-and-policing/gb/dataset-02.json
ministry-of-justice-statistics,Ministry of Justice Statistics,crime-and-policing,gb,United Kingdom,https://www.gov.uk/government/organisations/ministry-of-justice/about/statistics,"Criminal justice system statistics covering court proceedings, sentencing, prison population, probation, reoffending and legal aid.",Ministry of Justice,CSV; XLSX; ODS,Multi-GB,Quarterly and annual series,Open Government Licence v3.0,https://www.nationalarchives.gov.uk/doc/open-government-licence/version/3/,open,yes,Ministry of Justice statistics,topics/crime-and-policing/gb/dataset-03.json
home-office-police-workforce-statistics,Home Office Police Workforce Statistics,crime-and-policing,gb,United Kingdom,https://www.gov.uk/government/collections/police-workforce-england-and-wales,"Officer and staff headcounts by force, rank, function, ethnicity and gender, alongside joiners, leavers and diversity breakdowns.",Home Office,CSV; ODS; XLSX,~200 MB,Biannual series by force,Open Government Licence v3.0,https://www.nationalarchives.gov.uk/doc/open-government-licence/version/3/,open,yes,"Home Office, Police workforce England and Wales",topics/crime-and-policing/gb/dataset-04.json
uk-data-service-crime-surveys,UK Data Service Crime Surveys,crime-and-policing,gb,United Kingdom,https://ukdataservice.ac.uk/,"Archive of deposited social survey microdata including the Crime Survey for England and Wales, Offending Crime and Justice Survey and police force data.",UK Data Service,Stata; SPSS; CSV; Tab-delimited,Varies by study,"9,000+ archived data collections",End User Licence; registration and agreement required,https://ukdataservice.ac.uk/app/uploads/cd137-enduserlicence.pdf,agreement,no,UK Data Service,topics/crime-and-policing/gb/dataset-05.json
ncrb-crime-in-india,NCRB Crime in India,crime-and-policing,in,India,https://www.ncrb.gov.in/crime-in-india.html,"The annual national crime statistics report with state and city level counts by offence head, victim and accused demographics, and case disposal outcomes.",National Crime Records Bureau,PDF; XLSX; CSV,~2 GB per edition,Annual editions from 1953,Government Open Data License - India,https://www.data.gov.in/government-open-data-license-india,open,yes,"National Crime Records Bureau, Crime in India",topics/crime-and-policing/in/dataset-01.json
india-justice-report,India Justice Report,crime-and-policing,in,India,https://indiajusticereport.org/,"A cross-state ranking of police, judiciary, prisons and legal aid capacity, built from official budget, staffing, diversity and caseload returns.",India Justice Report consortium,PDF; XLSX; Web dashboard,~500 MB,All states and union territories across four justice pillars,Free for non-commercial use with attribution,https://indiajusticereport.org/,open,no,India Justice Report,topics/crime-and-policing/in/dataset-02.json
ncrb-prison-statistics-india,NCRB Prison Statistics India,crime-and-policing,in,India,https://www.ncrb.gov.in/prison-statistics-india.html,"Annual prison census covering inmate population, undertrials, occupancy rates, demographics, escapes and prison staffing by state.",National Crime Records Bureau,PDF; XLSX,~300 MB per edition,"1,300+ prisons, annual editions",Government Open Data License - India,https://www.data.gov.in/government-open-data-license-india,open,yes,"National Crime Records Bureau, Prison Statistics India",topics/crime-and-policing/in/dataset-03.json
data-gov-in-public-safety-and-justice,data.gov.in Public Safety and Justice,crime-and-policing,in,India,https://www.data.gov.in/sector/public-safety-law-and-justice,"Open government catalogue of crime, policing and justice datasets covering registered cases, police strength, cyber crime and women's safety.",National Informatics Centre,CSV; XLSX; JSON; REST API,Varies by resource,"2,000+ public safety resources",Government Open Data License - India,https://www.data.gov.in/government-open-data-license-india,open,yes,Open Government Data Platform India,topics/crime-and-policing/in/dataset-04.json
ministry-of-home-affairs-publications,Ministry of Home Affairs Publications,crime-and-policing,in,India,https://www.mha.gov.in/,"Annual reports and statistical publications on internal security, police modernisation, border management, disaster response and census administration.",Ministry of Home Affairs,PDF; XLSX,~500 MB,Annual editions covering all state police forces,Government Open Data License - India,https://www.data.gov.in/government-open-data-license-india,open,yes,"Ministry of Home Affairs, Government of India",topics/crime-and-policing/in/dataset-05.json
fbi-crime-data-explorer,FBI Crime Data Explorer,crime-and-policing,us,United States,https://cde.ucr.cjis.gov/,"National incident-based and summary crime statistics from participating law enforcement agencies, covering offences, arrests, clearances, hate crime and use of force.",Federal Bureau of Investigation,CSV; REST API; JSON,~20 GB,"Millions of incidents per year from 18,000+ agencies",US Government public domain,https://cde.ucr.cjis.gov/,open,yes,"FBI Crime Data Explorer, Uniform Crime Reporting Program",topics/crime-and-policing/us/dataset-01.json
bureau-of-justice-statistics-data-collections,Bureau of Justice Statistics Data Collections,crime-and-policing,us,United States,https://bjs.ojp.gov/data-collections,"National surveys and censuses of victimisation, prisons, jails, courts, prosecution and law enforcement agencies, with downloadable microdata.",Bureau of Justice Statistics,CSV; SAS; Stata; ASCII,Multi-GB,50+ ongoing data collections,US Government public domain,https://bjs.ojp.gov/,open,yes,"Bureau of Justice Statistics, US Department of Justice",topics/crime-and-policing/us/dataset-02.json
nyc-police-complaint-data,NYC Police Complaint Data,crime-and-policing,us,United States,https://data.cityofnewyork.us/Public-Safety/NYPD-Complaint-Data-Historic/qgea-i56i,"Every felony, misdemeanour and violation complaint reported to the NYPD since 2006, with offence classification, coordinates, premises type and suspect and victim demographics.",New York City Police Department,CSV; JSON; GeoJSON; REST API,~2 GB,9 million+ complaints since 2006,NYC Open Data Terms of Use,https://opendata.cityofnewyork.us/overview/,open,yes,"NYC Open Data, NYPD Complaint Data Historic",topics/crime-and-policing/us/dataset-03.json
chicago-crimes-dataset,Chicago Crimes Dataset,crime-and-policing,us,United States,https://data.cityofchicago.org/Public-Safety/Crimes-2001-to-Present/ijzp-q8t2,"Reported crimes in Chicago from 2001 onward with block-level location, IUCR offence code, arrest flag, beat, district and community area.",City of Chicago,CSV; JSON; GeoJSON; REST API,~2 GB,8 million+ reported crimes,City of Chicago open data terms,https://www.chicago.gov/city/en/narr/foia/data_disclaimer.html,open,yes,"Chicago Data Portal, Crimes 2001 to Present",topics/crime-and-policing/us/dataset-04.json
national-archive-of-criminal-justice-data,National Archive of Criminal Justice Data,crime-and-policing,us,United States,https://www.icpsr.umich.edu/web/pages/NACJD/index.html,"Archive of thousands of criminal justice research datasets with documentation, spanning policing experiments, sentencing, corrections and victimisation studies.","ICPSR, University of Michigan",Stata; SPSS; SAS; CSV,Varies by study,"3,000+ archived studies",Varies by study; many require free registration,https://www.icpsr.umich.edu/web/pages/datamanagement/confidentiality/conf-terms.html,registration,check,"National Archive of Criminal Justice Data, ICPSR",topics/crime-and-policing/us/dataset-05.json
emsc-euro-mediterranean-seismological-centre,EMSC Euro-Mediterranean Seismological Centre,earthquakes-and-natural-hazards,eu,European Union,https://www.emsc-csem.org/,"Real-time and archived earthquake locations for the Euro-Mediterranean region, with felt reports, moment tensors and a public API.",European-Mediterranean Seismological Centre,REST API; JSON; QuakeML; CSV,~20 GB,Millions of located events,Free for research and public use with attribution,https://www.emsc-csem.org/,open,check,European-Mediterranean Seismological Centre (EMSC),topics/earthquakes-and-natural-hazards/eu/dataset-01.json
orfeus-eida-seismic-waveforms,ORFEUS EIDA Seismic Waveforms,earthquakes-and-natural-hazards,eu,European Union,https://www.orfeus-eu.org/,"Federated access to continuous seismic waveform archives from European networks, with standard FDSN web services for stations and events.",ORFEUS and European seismic networks,miniSEED; StationXML; FDSN web services,Petabyte-scale,Thousands of stations across Europe,Mostly CC BY 4.0; varies by network,https://www.orfeus-eu.org/,open,check,"ORFEUS, Observatories and Research Facilities for European Seismology",topics/earthquakes-and-natural-hazards/eu/dataset-02.json
copernicus-emergency-management-service,Copernicus Emergency Management Service,earthquakes-and-natural-hazards,eu,European Union,https://emergency.copernicus.eu/,"Rapid mapping and risk products for floods, wildfires, earthquakes and storms, with delineation and damage assessment layers for activated events.",European Commission and Copernicus,GeoTIFF; Shapefile; GeoJSON; PDF,Multi-TB,700+ activations since 2012,"Copernicus open licence, free reuse with attribution",https://emergency.copernicus.eu/,open,yes,"Copernicus Emergency Management Service, European Commission",topics/earthquakes-and-natural-hazards/eu/dataset-03.json
european-flood-awareness-system,European Flood Awareness System,earthquakes-and-natural-hazards,eu,European Union,https://www.efas.eu/,"Pan-European probabilistic flood forecasts, river discharge reanalysis and historical flood event data at continental scale.",Copernicus Emergency Management Service and JRC,NetCDF; GRIB; Web,~50 TB,Continental coverage with daily forecasts,"Copernicus open licence, free reuse with attribution",https://www.efas.eu/,registration,yes,"European Flood Awareness System (EFAS), Copernicus EMS",topics/earthquakes-and-natural-hazards/eu/dataset-04.json
efehr-european-seismic-hazard-model,EFEHR European Seismic Hazard Model,earthquakes-and-natural-hazards,eu,European Union,https://www.efehr.org/,"The harmonised European seismic hazard and risk model with ground motion exceedance maps, fault databases and national hazard comparisons.",European Facilities for Earthquake Hazard and Risk,GeoTIFF; CSV; XML,~20 GB,Pan-European hazard grids and fault catalogues,CC BY 4.0,https://www.efehr.org/,open,yes,"EFEHR, European Seismic Hazard Model",topics/earthquakes-and-natural-hazards/eu/dataset-05.json
japan-meteorological-agency-earthquake-information,Japan Meteorological Agency Earthquake Information,earthquakes-and-natural-hazards,jp,Japan,https://www.jma.go.jp/jma/en/Activities/earthquake.html,"Official Japanese seismic monitoring products including hypocentre catalogues, seismic intensity observations and tsunami warnings.",Japan Meteorological Agency,CSV; XML; PDF,Varies by product,Catalogues spanning over a century,"JMA terms of use, free reuse with attribution",https://www.jma.go.jp/jma/en/copyright.html,open,yes,Japan Meteorological Agency,topics/earthquakes-and-natural-hazards/jp/dataset-01.json
nied-k-net-and-kik-net-strong-motion,NIED K-NET and KiK-net Strong Motion,earthquakes-and-natural-hazards,jp,Japan,https://www.kyoshin.bosai.go.jp/,"Strong-motion accelerograms from over a thousand nationwide seismographs, the reference ground motion dataset for earthquake engineering research.",National Research Institute for Earth Science and Disaster Resilience,ASCII; SAC; ZIP,Multi-TB,"1,000+ stations recording since 1996",Free for research with registration and attribution,https://www.kyoshin.bosai.go.jp/,registration,check,"National Research Institute for Earth Science and Disaster Resilience, K-NET and KiK-net",topics/earthquakes-and-natural-hazards/jp/dataset-02.json
nied-hi-net-high-sensitivity-seismograph-network,NIED Hi-net High Sensitivity Seismograph Network,earthquakes-and-natural-hazards,jp,Japan,https://www.hinet.bosai.go.jp/,Continuous waveform data and automatic hypocentre determinations from Japan's dense high-sensitivity borehole seismometer network.,National Research Institute for Earth Science and Disaster Resilience,WIN32; SEED; CSV,Petabyte-scale,800+ stations with continuous recording,Free for research with registration and attribution,https://www.hinet.bosai.go.jp/,registration,check,"NIED Hi-net, National Research Institute for Earth Science and Disaster Resilience",topics/earthquakes-and-natural-hazards/jp/dataset-03.json
e-stat-portal-of-official-statistics-of-japan,e-Stat Portal of Official Statistics of Japan,earthquakes-and-natural-hazards,jp,Japan,https://www.e-stat.go.jp/en,"Japan's unified statistics portal covering population, economy, disaster damage, housing and land use, with a documented API and bulk downloads.",Statistics Bureau of Japan,CSV; XLSX; REST API,Varies by table,Hundreds of thousands of statistical tables,"Japan Government Standard Terms of Use, CC BY compatible",https://www.e-stat.go.jp/en/terms-of-use,registration,yes,"e-Stat, Statistics Bureau of Japan",topics/earthquakes-and-natural-hazards/jp/dataset-04.json
gsi-geospatial-information-authority-of-japan,GSI Geospatial Information Authority of Japan,earthquakes-and-natural-hazards,jp,Japan,https://www.gsi.go.jp/ENGLISH/index.html,"National mapping data including elevation models, base maps, crustal deformation observations from GNSS and hazard-related geospatial layers.",Geospatial Information Authority of Japan,GeoTIFF; Shapefile; XML; Tiles,Terabyte-scale,National coverage of Japan,"GSI terms of use, free reuse with attribution",https://www.gsi.go.jp/ENGLISH/page_e30286.html,open,yes,Geospatial Information Authority of Japan,topics/earthquakes-and-natural-hazards/jp/dataset-05.json
usgs-earthquake-catalog,USGS Earthquake Catalog,earthquakes-and-natural-hazards,us,United States,https://earthquake.usgs.gov/earthquakes/search/,"Global catalogue of located earthquakes with magnitude, depth, coordinates, origin time and moment tensors, served through a documented query API.",US Geological Survey,GeoJSON; CSV; QuakeML; REST API,~10 GB,4 million+ located events,US Government public domain,https://www.usgs.gov/information-policies-and-instructions/copyrights-and-credits,open,yes,"US Geological Survey, Earthquake Hazards Program",topics/earthquakes-and-natural-hazards/us/dataset-01.json
usgs-shakemap-and-ground-motion,USGS ShakeMap and Ground Motion,earthquakes-and-natural-hazards,us,United States,https://earthquake.usgs.gov/data/shakemap/,"Near-real-time maps of ground shaking intensity, peak acceleration and velocity generated for significant earthquakes, with grid downloads for loss modelling.",US Geological Survey,GeoTIFF; XML; GeoJSON; KML,Varies by event,Thousands of mapped events,US Government public domain,https://www.usgs.gov/information-policies-and-instructions/copyrights-and-credits,open,yes,"US Geological Survey, ShakeMap",topics/earthquakes-and-natural-hazards/us/dataset-02.json
fema-openfema,FEMA OpenFEMA,earthquakes-and-natural-hazards,us,United States,https://www.fema.gov/about/openfema/data-sets,"Disaster declarations, individual and public assistance awards, flood insurance claims and policy records published as open datasets with an API.",Federal Emergency Management Agency,CSV; JSON; Parquet; REST API,~50 GB,Millions of claims and assistance records,US Government public domain,https://www.fema.gov/about/openfema/terms-conditions,open,yes,"OpenFEMA, Federal Emergency Management Agency",topics/earthquakes-and-natural-hazards/us/dataset-03.json
noaa-billion-dollar-weather-and-climate-disasters,NOAA Billion-Dollar Weather and Climate Disasters,earthquakes-and-natural-hazards,us,United States,https://www.ncei.noaa.gov/access/billions/,"A curated record of US weather and climate disasters exceeding one billion dollars in damage, with CPI-adjusted cost, deaths and event geography since 1980.",NOAA NCEI,CSV; JSON,~50 MB,400+ billion-dollar events since 1980,US Government public domain,https://www.ncei.noaa.gov/,open,yes,"NOAA National Centers for Environmental Information, Billion-Dollar Weather and Climate Disasters",topics/earthquakes-and-natural-hazards/us/dataset-04.json
nasa-firms-active-fire-data,NASA FIRMS Active Fire Data,earthquakes-and-natural-hazards,us,United States,https://firms.modaps.eosdis.nasa.gov/,"Near-real-time satellite detections of active fires and thermal anomalies from MODIS and VIIRS, with archive downloads and a fire information API.",NASA,CSV; Shapefile; KML; REST API,~100 GB archive,Global detections since 2000,"NASA open data policy, free and open",https://firms.modaps.eosdis.nasa.gov/,registration,yes,"NASA FIRMS, Fire Information for Resource Management System",topics/earthquakes-and-natural-hazards/us/dataset-05.json
olist-brazilian-e-commerce-public-dataset,Olist Brazilian E-Commerce Public Dataset,ecommerce-and-retail,br,Brazil,https://www.kaggle.com/datasets/olistbr/brazilian-ecommerce,"Real anonymised orders from a Brazilian marketplace with items, payments, freight, delivery timestamps, geolocation and customer review scores across nine relational tables.",Olist,CSV,~120 MB,"100,000 orders (2016-2018)",CC BY-NC-SA 4.0,https://creativecommons.org/licenses/by-nc-sa/4.0/,registration,no,"Olist and André Sionek, Brazilian E-Commerce Public Dataset by Olist, Kaggle",topics/ecommerce-and-retail/br/dataset-01.json
ibge-pesquisa-mensal-de-com-rcio,IBGE Pesquisa Mensal de Comércio,ecommerce-and-retail,br,Brazil,https://www.ibge.gov.br/estatisticas/economicas/comercio.html,"Official monthly retail trade volume and revenue indices by activity and state, Brazil's headline retail indicator.",Instituto Brasileiro de Geografia e Estatística,XLSX; CSV; REST API,Varies by series,Monthly series from 2000,Free use with attribution to IBGE,https://www.ibge.gov.br/acesso-informacao/institucional/copyright.html,open,yes,"IBGE, Pesquisa Mensal de Comércio",topics/ecommerce-and-retail/br/dataset-02.json
ibge-sidra-api,IBGE SIDRA API,ecommerce-and-retail,br,Brazil,https://sidra.ibge.gov.br/,"Query interface and API over every IBGE aggregate table, covering retail, prices, production and services down to municipality level.",Instituto Brasileiro de Geografia e Estatística,REST API; CSV; XLSX,Varies by table,"8,000+ aggregate tables",Free use with attribution to IBGE,https://www.ibge.gov.br/acesso-informacao/institucional/copyright.html,open,yes,"IBGE, Sistema IBGE de Recuperação Automática (SIDRA)",topics/ecommerce-and-retail/br/dataset-03.json
portal-brasileiro-de-dados-abertos,Portal Brasileiro de Dados Abertos,ecommerce-and-retail,br,Brazil,https://dados.gov.br/,"Federal open data catalogue aggregating datasets from every ministry, including commerce, consumer complaints, tax and procurement records.",Government of Brazil,CSV; JSON; XML; REST API,Varies by dataset,"10,000+ datasets",Varies by publisher; commonly CC BY,https://dados.gov.br/,open,check,Portal Brasileiro de Dados Abertos,topics/ecommerce-and-retail/br/dataset-04.json
consumidor-gov-br-complaint-data,Consumidor.gov.br Complaint Data,ecommerce-and-retail,br,Brazil,https://www.consumidor.gov.br/pages/dadosabertos/externo/,"Every consumer complaint filed against registered companies, with sector, problem type, company response, resolution status and satisfaction rating.",Secretaria Nacional do Consumidor,CSV,~2 GB,Millions of complaints since 2014,"Open government data, attribution requested",https://www.consumidor.gov.br/,open,yes,"Consumidor.gov.br, Senacon",topics/ecommerce-and-retail/br/dataset-05.json
ons-retail-sales-index,ONS Retail Sales Index,ecommerce-and-retail,gb,United Kingdom,https://www.ons.gov.uk/businessindustryandtrade/retailindustry,"Monthly volume and value of retail sales by store type, with the internet sales share of total retail, the UK's headline consumer spending indicator.",Office for National Statistics,CSV; XLSX; REST API,~200 MB,Monthly series from 1988,Open Government Licence v3.0,https://www.nationalarchives.gov.uk/doc/open-government-licence/version/3/,open,yes,"Office for National Statistics, Retail Sales Index",topics/ecommerce-and-retail/gb/dataset-01.json
ons-e-commerce-and-ict-activity,ONS E-commerce and ICT Activity,ecommerce-and-retail,gb,United Kingdom,https://www.ons.gov.uk/businessindustryandtrade/itandinternetindustry,"Annual survey of business internet use, e-commerce sales value, website functionality, cloud adoption and broadband connectivity by industry and size band.",Office for National Statistics,CSV; XLSX,~100 MB,Annual series from 2008,Open Government Licence v3.0,https://www.nationalarchives.gov.uk/doc/open-government-licence/version/3/,open,yes,"Office for National Statistics, E-commerce and ICT activity",topics/ecommerce-and-retail/gb/dataset-02.json
food-hygiene-rating-scheme-open-data,Food Hygiene Rating Scheme Open Data,ecommerce-and-retail,gb,United Kingdom,https://ratings.food.gov.uk/open-data,"Hygiene inspection ratings, addresses, coordinates and business types for every food business in the UK, refreshed daily as open XML and JSON.",Food Standards Agency,XML; JSON; REST API,~500 MB,"600,000+ food businesses",Open Government Licence v3.0,https://www.nationalarchives.gov.uk/doc/open-government-licence/version/3/,open,yes,"Food Standards Agency, Food Hygiene Rating Scheme open data",topics/ecommerce-and-retail/gb/dataset-03.json
ons-consumer-price-inflation,ONS Consumer Price Inflation,ecommerce-and-retail,gb,United Kingdom,https://www.ons.gov.uk/economy/inflationandpriceindices,"Item-level consumer price indices and the underlying price quotes collected in shops and online, published monthly with full item and region detail.",Office for National Statistics,CSV; XLSX; REST API,~2 GB,"180,000+ price quotes collected monthly",Open Government Licence v3.0,https://www.nationalarchives.gov.uk/doc/open-government-licence/version/3/,open,yes,"Office for National Statistics, Consumer price inflation",topics/ecommerce-and-retail/gb/dataset-04.json
defra-family-food-statistics,DEFRA Family Food Statistics,ecommerce-and-retail,gb,United Kingdom,https://www.gov.uk/government/collections/family-food-statistics,"Annual household purchases of food and drink by quantity, spend and nutrient content, broken down by income group, region and household composition.","Department for Environment, Food and Rural Affairs",ODS; CSV,~200 MB,Annual series from 1974,Open Government Licence v3.0,https://www.nationalarchives.gov.uk/doc/open-government-licence/version/3/,open,yes,"DEFRA, Family Food statistics",topics/ecommerce-and-retail/gb/dataset-05.json
census-monthly-retail-trade-survey,Census Monthly Retail Trade Survey,ecommerce-and-retail,us,United States,https://www.census.gov/retail/index.html,"Official monthly retail and food services sales, inventories and e-commerce share by NAICS category, the headline US consumer spending indicator.",US Census Bureau,CSV; XLSX; REST API,~50 MB,Monthly series from 1992,US Government public domain,https://www.census.gov/about/policies/open-gov.html,open,yes,"US Census Bureau, Monthly Retail Trade Survey",topics/ecommerce-and-retail/us/dataset-01.json
bls-consumer-price-index,BLS Consumer Price Index,ecommerce-and-retail,us,United States,https://www.bls.gov/cpi/data.htm,"Item-level price indices across hundreds of consumer goods and services categories, by region and metro area, with full historical revisions.",Bureau of Labor Statistics,TXT; CSV; REST API,~1 GB flat files,Monthly series from 1913,US Government public domain,https://www.bls.gov/bls/linksite.htm,open,yes,"US Bureau of Labor Statistics, Consumer Price Index",topics/ecommerce-and-retail/us/dataset-02.json
usda-branded-food-products-database,USDA Branded Food Products Database,ecommerce-and-retail,us,United States,https://fdc.nal.usda.gov/download-datasets,"Label data for hundreds of thousands of branded grocery products including ingredients, serving sizes, nutrients, UPC codes and brand owner.",USDA Agricultural Research Service,CSV; JSON; REST API,~2 GB,1.9 million+ food products,US Government public domain,https://fdc.nal.usda.gov/api-guide.html,open,yes,USDA FoodData Central,topics/ecommerce-and-retail/us/dataset-03.json
census-annual-retail-trade-survey,Census Annual Retail Trade Survey,ecommerce-and-retail,us,United States,https://www.census.gov/programs-surveys/arts.html,"Annual sales, e-commerce sales, inventories, purchases and gross margins for retail firms broken out by detailed industry.",US Census Bureau,CSV; XLSX,~100 MB,Annual series from 1951,US Government public domain,https://www.census.gov/about/policies/open-gov.html,open,yes,"US Census Bureau, Annual Retail Trade Survey",topics/ecommerce-and-retail/us/dataset-04.json
open-food-facts,Open Food Facts,ecommerce-and-retail,us,United States,https://world.openfoodfacts.org/data,"Crowd-sourced product database with barcodes, ingredients, allergens, nutrition facts, packaging and photos, downloadable in full.",Open Food Facts,CSV; JSONL; MongoDB dump; Parquet,~10 GB,3 million+ products worldwide,"ODbL 1.0 (database), CC BY-SA 3.0 (contents)",https://world.openfoodfacts.org/terms-of-use,open,yes,Open Food Facts contributors,topics/ecommerce-and-retail/us/dataset-05.json
explore-education-statistics,Explore Education Statistics,education-and-schools,gb,United Kingdom,https://explore-education-statistics.service.gov.uk/,"The Department for Education's statistics platform covering attainment, absence, exclusions, school workforce, funding and destinations, with a public API.",Department for Education,CSV; REST API; XLSX,Multi-GB,Hundreds of releases with school and local authority detail,Open Government Licence v3.0,https://www.nationalarchives.gov.uk/doc/open-government-licence/version/3/,open,yes,"Department for Education, Explore Education Statistics",topics/education-and-schools/gb/dataset-01.json
get-information-about-schools,Get Information About Schools,education-and-schools,gb,United Kingdom,https://get-information-schools.service.gov.uk/,"The register of every school, college and trust in England with URN, phase, capacity, Ofsted rating, governance and full address history.",Department for Education,CSV; REST API,~1 GB,"50,000+ establishments including closed ones",Open Government Licence v3.0,https://www.nationalarchives.gov.uk/doc/open-government-licence/version/3/,open,yes,"Department for Education, Get Information About Schools",topics/education-and-schools/gb/dataset-02.json
find-school-and-college-performance,Find School and College Performance,education-and-schools,gb,United Kingdom,https://www.compare-school-performance.service.gov.uk/,"Published performance tables with Progress 8, Attainment 8, phonics, key stage results, A level outcomes and pupil destinations for every English school.",Department for Education,CSV; XLSX,~2 GB,"Annual tables for 24,000+ schools",Open Government Licence v3.0,https://www.nationalarchives.gov.uk/doc/open-government-licence/version/3/,open,yes,"Department for Education, School and college performance tables",topics/education-and-schools/gb/dataset-03.json
hesa-higher-education-statistics,HESA Higher Education Statistics,education-and-schools,gb,United Kingdom,https://www.hesa.ac.uk/data-and-analysis,"Student enrolments, qualifications, graduate outcomes, staff and finance data for every UK higher education provider.",Higher Education Statistics Agency / Jisc,CSV; XLSX,~5 GB,2.9 million students across 280+ providers,Open Government Licence v3.0 for open tables; detailed data requires a licence,https://www.hesa.ac.uk/about/regulation/data-protection/copyright,open,check,Higher Education Statistics Agency (HESA),topics/education-and-schools/gb/dataset-04.json
ofsted-inspection-data,Ofsted Inspection Data,education-and-schools,gb,United Kingdom,https://www.gov.uk/government/collections/maintained-schools-and-academies-inspections-and-outcomes-official-statistics,"Management information and official statistics on school inspection outcomes, judgement history and inspection dates for every English provider.",Ofsted,XLSX; CSV; ODS,~500 MB,Monthly management information covering all inspections,Open Government Licence v3.0,https://www.nationalarchives.gov.uk/doc/open-government-licence/version/3/,open,yes,"Ofsted, Inspections and outcomes official statistics",topics/education-and-schools/gb/dataset-05.json
udise-school-education-statistics,UDISE+ School Education Statistics,education-and-schools,in,India,https://udiseplus.gov.in/,"India's unified school information system with enrolment, teachers, infrastructure, drinking water, toilets and electricity for every recognised school.",Ministry of Education,XLSX; PDF; Web dashboard,Multi-GB,"1.5 million+ schools, 250 million+ students",Government Open Data License - India,https://www.data.gov.in/government-open-data-license-india,open,yes,"UDISE+, Ministry of Education, Government of India",topics/education-and-schools/in/dataset-01.json
all-india-survey-on-higher-education,All India Survey on Higher Education,education-and-schools,in,India,https://aishe.gov.in/aishe/home,"Annual census of Indian higher education institutions covering enrolment by level and discipline, faculty, infrastructure and finances.",Ministry of Education,PDF; XLSX,~1 GB,"1,100+ universities, 45,000+ colleges",Government Open Data License - India,https://www.data.gov.in/government-open-data-license-india,open,yes,"All India Survey on Higher Education, Ministry of Education",topics/education-and-schools/in/dataset-02.json
data-gov-in-education-sector,data.gov.in Education Sector,education-and-schools,in,India,https://www.data.gov.in/sector/education,"Open government catalogue of education datasets covering literacy rates, dropout rates, school infrastructure, scholarships and examination results.",National Informatics Centre,CSV; XLSX; JSON; REST API,Varies by resource,"5,000+ education resources",Government Open Data License - India,https://www.data.gov.in/government-open-data-license-india,open,yes,Open Government Data Platform India,topics/education-and-schools/in/dataset-03.json
nirf-india-rankings-data,NIRF India Rankings Data,education-and-schools,in,India,https://www.nirfindia.org/Rankings/2024/Ranking.html,"Official ranking framework data for Indian institutions with underlying scores for teaching, research, graduation outcomes, outreach and perception.","National Institutional Ranking Framework, Ministry of Education",PDF; XLSX,~200 MB,Annual rankings across 13 categories,Government Open Data License - India,https://www.data.gov.in/government-open-data-license-india,open,yes,"National Institutional Ranking Framework, Ministry of Education",topics/education-and-schools/in/dataset-04.json
aser-annual-status-of-education-report,ASER Annual Status of Education Report,education-and-schools,in,India,https://asercentre.org/,"Household-based survey measuring basic reading and arithmetic ability of rural Indian children, run annually across nearly every rural district.","ASER Centre, Pratham",PDF; XLSX; Stata,~500 MB,"600,000+ children surveyed per round",Free for research and non-commercial use with attribution,https://asercentre.org/,open,no,"ASER Centre, Annual Status of Education Report",topics/education-and-schools/in/dataset-05.json
ipeds-integrated-postsecondary-education-data-system,IPEDS Integrated Postsecondary Education Data System,education-and-schools,us,United States,https://nces.ed.gov/ipeds/,"Mandatory annual reporting from every US college and university covering enrolment, completions, tuition, financial aid, staffing and institutional finance.",National Center for Education Statistics,CSV; Access DB; REST API,~5 GB,"6,000+ institutions reporting annually since 1980",US Government public domain,https://nces.ed.gov/,open,yes,"National Center for Education Statistics, IPEDS",topics/education-and-schools/us/dataset-01.json
college-scorecard,College Scorecard,education-and-schools,us,United States,https://collegescorecard.ed.gov/data/,"Institution-level and field-of-study earnings, debt, completion and repayment outcomes linked from federal financial aid and tax records.",US Department of Education,CSV; REST API,~2 GB,"6,500+ institutions, 200,000+ field-of-study rows",US Government public domain,https://collegescorecard.ed.gov/data/,open,yes,"US Department of Education, College Scorecard",topics/education-and-schools/us/dataset-02.json
common-core-of-data,Common Core of Data,education-and-schools,us,United States,https://nces.ed.gov/ccd/,"The universe of US public schools and districts with enrolment by grade, race and gender, staffing counts, free lunch eligibility and geographic identifiers.",National Center for Education Statistics,CSV; SAS; Fixed-width,~10 GB,"100,000+ schools, 18,000+ districts annually",US Government public domain,https://nces.ed.gov/,open,yes,"National Center for Education Statistics, Common Core of Data",topics/education-and-schools/us/dataset-03.json
civil-rights-data-collection,Civil Rights Data Collection,education-and-schools,us,United States,https://civilrightsdata.ed.gov/,"School-level data on discipline, restraint, course access, chronic absenteeism and teacher experience, broken out by race, sex, disability and English learner status.",US Department of Education Office for Civil Rights,CSV,~5 GB,"17,000+ districts, 97,000+ schools",US Government public domain,https://civilrightsdata.ed.gov/,open,yes,"US Department of Education, Civil Rights Data Collection",topics/education-and-schools/us/dataset-04.json
stanford-education-data-archive,Stanford Education Data Archive,education-and-schools,us,United States,https://edopportunity.org/,"Test scores from every US school district placed on a single national scale, enabling like-for-like comparison of achievement and growth across states.",Stanford University,CSV; Stata,~2 GB,"13,000+ districts, 2009 onward",CC BY-NC-SA 4.0,https://edopportunity.org/get-the-data/,registration,no,"Reardon et al., Stanford Education Data Archive",topics/education-and-schools/us/dataset-05.json
electoral-commission-data,Electoral Commission Data,elections-and-voting,gb,United Kingdom,https://www.electoralcommission.org.uk/research-reports-and-data,"Official electoral data covering registration levels, turnout, party and campaigner finance, donations, loans and campaign spending returns.",The Electoral Commission,CSV; XLSX; REST API,~2 GB,Donations and spending records since 2001,Open Government Licence v3.0,https://www.nationalarchives.gov.uk/doc/open-government-licence/version/3/,open,yes,The Electoral Commission,topics/elections-and-voting/gb/dataset-01.json
house-of-commons-library-election-results,House of Commons Library Election Results,elections-and-voting,gb,United Kingdom,https://commonslibrary.parliament.uk/research-briefings/cbp-8749/,"Constituency-level results for every UK general election, with candidate votes, party, turnout, majority and swing, cleaned for analysis.",House of Commons Library,XLSX; CSV,~200 MB,650 constituencies across multiple elections,Open Parliament Licence v3.0,https://www.parliament.uk/site-information/copyright-parliament/open-parliament-licence/,open,yes,"House of Commons Library, General election results",topics/elections-and-voting/gb/dataset-02.json
democracy-club-data,Democracy Club Data,elections-and-voting,gb,United Kingdom,https://democracyclub.org.uk/projects/,"Community-built open data on UK candidates, polling stations, elections and results, covering local and devolved elections that official sources publish inconsistently.",Democracy Club,CSV; REST API; JSON,~500 MB,Hundreds of thousands of candidate and polling station records,CC BY-SA 4.0 and ODbL depending on dataset,https://democracyclub.org.uk/,open,check,Democracy Club,topics/elections-and-voting/gb/dataset-03.json
uk-parliament-members-and-voting-api,UK Parliament Members and Voting API,elections-and-voting,gb,United Kingdom,https://developer.parliament.uk/,"APIs for MPs and Lords, their votes, written questions, committee membership, register of interests and Hansard debate transcripts.",UK Parliament,REST API; JSON; XML,API,Full membership and division history,Open Parliament Licence v3.0,https://www.parliament.uk/site-information/copyright-parliament/open-parliament-licence/,open,yes,UK Parliament Developer Hub,topics/elections-and-voting/gb/dataset-04.json
theyworkforyou,TheyWorkForYou,elections-and-voting,gb,United Kingdom,https://www.theyworkforyou.com/api/,"Structured parliamentary records including debates, voting records, MP profiles and constituency lookups, derived from Hansard and official registers.",mySociety,REST API; JSON; XML,Multi-GB,Hansard from 1919 onward,CC BY-SA 3.0 with Open Parliament Licence for source material,https://www.theyworkforyou.com/api/,registration,check,"TheyWorkForYou, mySociety",topics/elections-and-voting/gb/dataset-05.json
election-commission-of-india-statistical-reports,Election Commission of India Statistical Reports,elections-and-voting,in,India,https://www.eci.gov.in/statistical-reports,"Official constituency-level results for every general and state assembly election, with candidate votes, party affiliation, electors and turnout.",Election Commission of India,PDF; XLSX; CSV,~10 GB full archive,All national and state elections since 1951,Government Open Data License - India,https://www.data.gov.in/government-open-data-license-india,open,yes,"Election Commission of India, Statistical Reports",topics/elections-and-voting/in/dataset-01.json
lok-dhaba,Lok Dhaba,elections-and-voting,in,India,https://lokdhaba.ashoka.edu.in/,"Cleaned and machine-readable constituency-level results for Indian national and state elections, with candidate names, parties, votes and normalised party codes.","Trivedi Centre for Political Data, Ashoka University",CSV; REST API,~500 MB,All general and assembly elections since 1962,CC BY-NC-SA 4.0,https://lokdhaba.ashoka.edu.in/,open,no,"Trivedi Centre for Political Data, Lok Dhaba, Ashoka University",topics/elections-and-voting/in/dataset-02.json
myneta-candidate-affidavits,Myneta Candidate Affidavits,elections-and-voting,in,India,https://myneta.info/,"Structured extracts from candidate self-declared affidavits covering assets, liabilities, criminal cases and education for national and state elections.",Association for Democratic Reforms,CSV; Web,~2 GB,"100,000+ candidate affidavits",Free for non-commercial use with attribution,https://myneta.info/,open,no,"Association for Democratic Reforms, MyNeta",topics/elections-and-voting/in/dataset-03.json
eci-electoral-statistics-on-data-gov-in,ECI Electoral Statistics on data.gov.in,elections-and-voting,in,India,https://www.data.gov.in/catalogs,"Machine-readable electoral datasets published through the national open data catalogue, covering electors, polling stations and results summaries.",National Informatics Centre,CSV; XLSX; JSON; REST API,Varies by resource,Thousands of catalogued resources,Government Open Data License - India,https://www.data.gov.in/government-open-data-license-india,open,yes,Open Government Data Platform India,topics/elections-and-voting/in/dataset-04.json
shrug-socioeconomic-high-resolution-rural-urban-geographic-platform,SHRUG Socioeconomic High-resolution Rural-Urban Geographic Platform,elections-and-voting,in,India,https://www.devdatalab.org/shrug,"Village and town level panel linking census, economic census, night lights, election results and administrative data through consistent geographic keys.",Development Data Lab,CSV; Stata; Shapefile,~10 GB,"600,000+ villages and towns",Open for research use; see data agreement,https://www.devdatalab.org/shrug_download/,registration,check,"Asher, Lunt, Matsuura & Novosad (2021), Development Research at High Geographic Resolution. World Bank Economic Review",topics/elections-and-voting/in/dataset-05.json
mit-election-data-and-science-lab,MIT Election Data and Science Lab,elections-and-voting,us,United States,https://electionlab.mit.edu/data,"Cleaned and validated returns for presidential, senate, house and state elections at county and precinct level, harmonised across states and decades.",MIT Election Data and Science Lab,CSV; Stata; RDS,~5 GB,County and precinct returns from 1976 onward,CC BY 4.0 with dataset-specific terms,https://electionlab.mit.edu/data,open,check,"MIT Election Data and Science Lab, Harvard Dataverse",topics/elections-and-voting/us/dataset-01.json
fec-campaign-finance-data,FEC Campaign Finance Data,elections-and-voting,us,United States,https://www.fec.gov/data/,"Every federal campaign contribution, expenditure and committee filing, with itemised donor records, independent expenditures and candidate summaries.",Federal Election Commission,CSV; REST API; Fixed-width,~100 GB,Hundreds of millions of contribution records since 1980,US Government public domain,https://www.fec.gov/,registration,yes,"Federal Election Commission, campaign finance data",topics/elections-and-voting/us/dataset-02.json
census-congressional-district-boundaries,Census Congressional District Boundaries,elections-and-voting,us,United States,https://www.census.gov/geographies/mapping-files/time-series/geo/cartographic-boundary.html,"Cartographic boundary files for congressional districts, state legislative districts and voting districts, generalised for mapping and analysis.",US Census Bureau,Shapefile; GeoJSON; KML,~5 GB,All districts across congresses,US Government public domain,https://www.census.gov/about/policies/open-gov.html,open,yes,"US Census Bureau, Cartographic Boundary Files",topics/elections-and-voting/us/dataset-03.json
opensecrets-bulk-data,OpenSecrets Bulk Data,elections-and-voting,us,United States,https://www.opensecrets.org/open-data/bulk-data,"Campaign finance records enriched with industry and sector classification, lobbying registrations, personal financial disclosures and revolving-door tracking.",OpenSecrets,CSV; TXT; REST API,~20 GB,Federal campaign and lobbying records since 1989,Free for academic and non-commercial use; commercial licence required,https://www.opensecrets.org/open-data/api-terms,registration,no,"OpenSecrets.org, Center for Responsive Politics",topics/elections-and-voting/us/dataset-04.json
harvard-dataverse-elections-collections,Harvard Dataverse Elections Collections,elections-and-voting,us,United States,https://dataverse.harvard.edu/,"Open repository hosting thousands of deposited political science datasets including election returns, survey waves, redistricting plans and polling archives.",Harvard University,CSV; Stata; R; TAB,Varies by deposit,"100,000+ datasets across disciplines",Varies by deposit; commonly CC0,https://dataverse.org/best-practices/dataverse-community-norms,open,check,Harvard Dataverse,topics/elections-and-voting/us/dataset-05.json
smard-strommarktdaten,SMARD Strommarktdaten,energy-and-electricity,de,Germany,https://www.smard.de/en,"The German regulator's electricity market platform publishing quarter-hourly generation by source, consumption, cross-border flows and wholesale prices.",Bundesnetzagentur,CSV; XLSX; REST API,Multi-GB,Quarter-hourly series from 2015,CC BY 4.0,https://www.smard.de/en/datennutzung,open,yes,"Bundesnetzagentur, SMARD.de",topics/energy-and-electricity/de/dataset-01.json
marktstammdatenregister,Marktstammdatenregister,energy-and-electricity,de,Germany,https://www.marktstammdatenregister.de/MaStR,"The statutory register of every electricity and gas generating unit in Germany, down to individual rooftop solar installations, with capacity, location and commissioning date.",Bundesnetzagentur,XML; CSV; REST API,~15 GB,5 million+ registered units,Datenlizenz Deutschland Namensnennung 2.0,https://www.govdata.de/dl-de/by-2-0,open,yes,"Bundesnetzagentur, Marktstammdatenregister",topics/energy-and-electricity/de/dataset-02.json
open-power-system-data,Open Power System Data,energy-and-electricity,de,Germany,https://open-power-system-data.org/,"Cleaned and harmonised European power system data packages covering time series, conventional power plants, renewable installations and weather, ready for modelling.",Open Power System Data consortium,CSV; SQLite; XLSX,~5 GB,Multiple curated data packages,MIT and CC BY 4.0 depending on package,https://open-power-system-data.org/,open,yes,"Open Power System Data, https://open-power-system-data.org/",topics/energy-and-electricity/de/dataset-03.json
entso-e-transparency-platform,ENTSO-E Transparency Platform,energy-and-electricity,de,Germany,https://transparency.entsoe.eu/,"Pan-European electricity data mandated by EU regulation, covering load, generation, transmission capacity, outages and day-ahead prices for every bidding zone.",European Network of Transmission System Operators for Electricity,REST API; CSV; XML,Multi-TB archive,All European bidding zones since 2015,"ENTSO-E Transparency Platform terms, free reuse with attribution",https://transparency.entsoe.eu/,registration,yes,ENTSO-E Transparency Platform,topics/energy-and-electricity/de/dataset-04.json
energy-charts,Energy-Charts,energy-and-electricity,de,Germany,https://www.energy-charts.info/,"Interactive and downloadable German and European electricity production, price and emissions data maintained by a public research institute.",Fraunhofer Institute for Solar Energy Systems ISE,CSV; JSON; REST API,Varies by series,Hourly series from 2002,CC BY 4.0,https://www.energy-charts.info/,open,yes,"Fraunhofer ISE, Energy-Charts",topics/energy-and-electricity/de/dataset-05.json
open-data-r-seaux-nergies,Open Data Réseaux Énergies,energy-and-electricity,fr,France,https://opendata.reseaux-energies.fr/,"The French grid operators' shared platform publishing half-hourly consumption, generation by source, éCO2mix balances and regional energy indicators.",RTE and partner network operators,CSV; JSON; REST API,Multi-GB,Half-hourly national and regional series since 2012,Licence Ouverte 2.0,https://www.etalab.gouv.fr/licence-ouverte-open-licence/,open,yes,"Open Data Réseaux Énergies (ODRÉ), RTE",topics/energy-and-electricity/fr/dataset-01.json
enedis-open-data,Enedis Open Data,energy-and-electricity,fr,France,https://data.enedis.fr/,"Distribution network data covering consumption and production by postcode, connected renewable capacity, smart meter aggregates and network incidents.",Enedis,CSV; JSON; GeoJSON; REST API,Multi-GB,37 million+ connection points aggregated,Licence Ouverte 2.0,https://data.enedis.fr/,open,yes,Enedis Open Data,topics/energy-and-electricity/fr/dataset-02.json
rte-services-data-portal,RTE Services Data Portal,energy-and-electricity,fr,France,https://www.services-rte.com/,"The French transmission system operator's API portal for real-time generation, consumption forecasts, cross-border exchanges and balancing data.",Réseau de Transport d'Électricité,REST API; JSON; CSV,API,Continuous national grid telemetry,"RTE open data terms, free reuse with attribution",https://www.services-rte.com/,registration,yes,"RTE, Services portal",topics/energy-and-electricity/fr/dataset-03.json
agence-ore-open-data,Agence ORE Open Data,energy-and-electricity,fr,France,https://opendata.agenceore.fr/,"Consolidated French distribution network data covering electricity and gas consumption by commune, connected renewable capacity and network operator coverage.",Agence ORE,CSV; JSON; REST API,Multi-GB,Commune-level series across all French DSOs,Licence Ouverte 2.0,https://www.etalab.gouv.fr/licence-ouverte-open-licence/,open,yes,"Agence ORE, Opérateurs de Réseaux d'Énergie",topics/energy-and-electricity/fr/dataset-04.json
ademe-open-data,ADEME Open Data,energy-and-electricity,fr,France,https://data.ademe.fr/,"Environment and energy agency datasets covering building energy diagnostics, carbon footprints by product, waste flows and emission factors.",Agence de la transition écologique,CSV; JSON; REST API,~10 GB,Millions of DPE energy performance records,Licence Ouverte 2.0,https://data.ademe.fr/,open,yes,"ADEME, Agence de la transition écologique",topics/energy-and-electricity/fr/dataset-05.json
elexon-bmrs-insights,Elexon BMRS Insights,energy-and-electricity,gb,United Kingdom,https://bmrs.elexon.co.uk/,"Half-hourly balancing mechanism data for the GB electricity market, covering generation by fuel type, demand, imbalance prices and unit-level bids and offers.",Elexon,REST API; CSV; XML,Multi-GB archive,Half-hourly settlement periods since 2001,"Elexon open data terms, free reuse with attribution",https://bmrs.elexon.co.uk/,open,yes,"Elexon, Balancing Mechanism Reporting Service",topics/energy-and-electricity/gb/dataset-01.json
national-grid-eso-data-portal,National Grid ESO Data Portal,energy-and-electricity,gb,United Kingdom,https://www.neso.energy/data-portal,"Great Britain's system operator data covering carbon intensity, embedded generation forecasts, demand forecasts, constraint costs and historic outturn.",National Energy System Operator,CSV; JSON; REST API,Varies by dataset,200+ published datasets,"NESO Open Data Licence, based on OGL",https://www.neso.energy/data-portal,open,yes,National Energy System Operator (NESO) Data Portal,topics/energy-and-electricity/gb/dataset-02.json
carbon-intensity-api,Carbon Intensity API,energy-and-electricity,gb,United Kingdom,https://carbonintensity.org.uk/,"Half-hourly actual and forecast carbon intensity of GB electricity, nationally and by region, with generation mix breakdown and a free unauthenticated API.",National Grid ESO and University of Oxford,REST API; JSON,API,Half-hourly series from 2017,CC BY 4.0,https://github.com/carbon-intensity/terms,open,yes,National Grid ESO Carbon Intensity API,topics/energy-and-electricity/gb/dataset-03.json
desnz-energy-statistics,DESNZ Energy Statistics,energy-and-electricity,gb,United Kingdom,https://www.gov.uk/government/organisations/department-for-energy-security-and-net-zero/about/statistics,"Official UK energy statistics including the Digest of UK Energy Statistics, sub-national gas and electricity consumption, and renewable capacity by technology.",Department for Energy Security and Net Zero,XLSX; CSV; ODS,~2 GB,Annual and quarterly series from 1970,Open Government Licence v3.0,https://www.nationalarchives.gov.uk/doc/open-government-licence/version/3/,open,yes,"Department for Energy Security and Net Zero, Energy Statistics",topics/energy-and-electricity/gb/dataset-04.json
uk-dale-household-electricity-demand,UK-DALE Household Electricity Demand,energy-and-electricity,gb,United Kingdom,https://jack-kelly.com/data/,"Appliance-level and whole-house electricity demand recorded at up to 16 kHz in five UK homes, the reference dataset for non-intrusive load monitoring.","Jack Kelly and William Knottenbelt, Imperial College London",HDF5; CSV; FLAC,"~800 GB (full), ~5 GB (6-second)",5 households over up to 4.3 years,CC BY 4.0,https://creativecommons.org/licenses/by/4.0/,open,yes,"Kelly & Knottenbelt (2015), The UK-DALE dataset. Scientific Data 2:150007",topics/energy-and-electricity/gb/dataset-05.json
bank-of-england-database,Bank of England Database,financial-markets,gb,United Kingdom,https://www.bankofengland.co.uk/boeapps/database/,"The central bank's statistical database covering interest rates, exchange rates, money and credit aggregates, lending, and bank balance sheets.",Bank of England,CSV; XLSX; REST API,Multi-GB,"40,000+ time series, some from 1694",Open Government Licence v3.0,https://www.bankofengland.co.uk/legal,open,yes,"Bank of England, Statistical Interactive Database",topics/financial-markets/gb/dataset-01.json
fca-financial-services-register,FCA Financial Services Register,financial-markets,gb,United Kingdom,https://register.fca.org.uk/,"The public register of every firm and individual authorised to conduct regulated financial business in the UK, with permissions, status and disciplinary history.",Financial Conduct Authority,REST API; CSV; JSON,~2 GB,"50,000+ authorised firms",Open Government Licence v3.0 with API terms,https://www.fca.org.uk/legal,registration,yes,"Financial Conduct Authority, Financial Services Register",topics/financial-markets/gb/dataset-02.json
fca-national-storage-mechanism,FCA National Storage Mechanism,financial-markets,gb,United Kingdom,https://data.fca.org.uk/#/nsm/nationalstoragemechanism,"The official UK repository of regulated information from listed companies, including annual reports, prospectuses and major shareholding notifications.",Financial Conduct Authority,PDF; XHTML; REST API,Multi-TB,Millions of regulatory filings,Open Government Licence v3.0,https://www.fca.org.uk/legal,open,yes,"Financial Conduct Authority, National Storage Mechanism",topics/financial-markets/gb/dataset-03.json
london-stock-exchange-statistics,London Stock Exchange Statistics,financial-markets,gb,United Kingdom,https://www.londonstockexchange.com/reports,"Monthly market reports covering listed company counts, market capitalisation, turnover, new issues and index constituents.",London Stock Exchange Group,XLSX; PDF; CSV,~500 MB,Monthly series across main market and AIM,LSEG terms of use; redistribution restricted,https://www.londonstockexchange.com/,open,no,London Stock Exchange Group,topics/financial-markets/gb/dataset-04.json
uk-debt-management-office-data,UK Debt Management Office Data,financial-markets,gb,United Kingdom,https://www.dmo.gov.uk/data/,"Gilt and Treasury bill issuance, auction results, outstanding stock, redemption profiles and daily reference prices for UK government debt.",UK Debt Management Office,XLSX; CSV,~500 MB,Daily and auction-level series from 1998,Open Government Licence v3.0,https://www.nationalarchives.gov.uk/doc/open-government-licence/version/3/,open,yes,UK Debt Management Office,topics/financial-markets/gb/dataset-05.json
nse-india-historical-data,NSE India Historical Data,financial-markets,in,India,https://www.nseindia.com/reports-indices-historical-index-data,"Historical index values, bhavcopy end-of-day quotes, derivatives contract data and securities reference information for India's largest exchange.",National Stock Exchange of India,CSV; XLSX; ZIP,Multi-GB archive,Daily records since 1994,NSE terms of use; redistribution restricted,https://www.nseindia.com/,open,no,National Stock Exchange of India Limited,topics/financial-markets/in/dataset-01.json
bse-india-historical-data,BSE India Historical Data,financial-markets,in,India,https://www.bseindia.com/markets/MarketInfo/BhavCopy.aspx,"Daily bhavcopy files with open, high, low, close, volume and turnover for every scrip listed on the Bombay Stock Exchange.",BSE Limited,CSV; ZIP,Multi-GB archive,"Daily records for 5,000+ listed securities",BSE terms of use; redistribution restricted,https://www.bseindia.com/,open,no,BSE Limited,topics/financial-markets/in/dataset-02.json
rbi-database-on-indian-economy,RBI Database on Indian Economy,financial-markets,in,India,https://data.rbi.org.in/,"The central bank's statistical warehouse covering money supply, banking aggregates, interest rates, exchange rates, balance of payments and state finances.",Reserve Bank of India,CSV; XLSX; Web query,Multi-GB,Thousands of macro-financial series,Free reuse with attribution to RBI,https://www.rbi.org.in/Scripts/Copyright.aspx,open,yes,"Reserve Bank of India, Database on Indian Economy",topics/financial-markets/in/dataset-03.json
sebi-reports-and-statistics,SEBI Reports and Statistics,financial-markets,in,India,https://www.sebi.gov.in/sebiweb/home/HomeAction.do?doListing=yes&sid=5&ssid=22&smid=0,"Regulator statistics on market turnover, mutual fund flows, foreign portfolio investment, IPO activity and registered intermediaries.",Securities and Exchange Board of India,XLSX; PDF; CSV,~1 GB,Monthly and annual series,Free reuse with attribution to SEBI,https://www.sebi.gov.in/,open,yes,Securities and Exchange Board of India,topics/financial-markets/in/dataset-04.json
mca-corporate-filings-data,MCA Corporate Filings Data,financial-markets,in,India,https://www.mca.gov.in/content/mca/global/en/data-and-reports/company-statistics.html,"Statistics and open datasets on registered Indian companies including incorporations, closures, sector distribution and authorised capital.",Ministry of Corporate Affairs,CSV; XLSX; PDF,~2 GB,2 million+ registered companies,Government Open Data License - India,https://www.data.gov.in/government-open-data-license-india,open,yes,"Ministry of Corporate Affairs, Government of India",topics/financial-markets/in/dataset-05.json
sec-edgar-full-text-search-and-filings,SEC EDGAR Full-Text Search and Filings,financial-markets,us,United States,https://www.sec.gov/search-filings,"Every registration statement, annual report, quarterly report and insider transaction filed with the SEC, with structured XBRL financial statement data.",US Securities and Exchange Commission,HTML; XBRL; JSON; REST API,~5 TB full archive,20 million+ filings since 1993,US Government public domain,https://www.sec.gov/privacy#dissemination,open,yes,"US Securities and Exchange Commission, EDGAR",topics/financial-markets/us/dataset-01.json
sec-financial-statement-data-sets,SEC Financial Statement Data Sets,financial-markets,us,United States,https://www.sec.gov/data-research/financial-statement-data-sets,"Quarterly flat files extracting every numeric fact from XBRL exhibits in corporate filings, letting you build a fundamentals database without parsing XBRL yourself.",US Securities and Exchange Commission,TSV; ZIP,~20 GB,Quarterly sets from 2009 onward,US Government public domain,https://www.sec.gov/,open,yes,SEC Financial Statement Data Sets,topics/financial-markets/us/dataset-02.json
federal-reserve-h-15-and-data-download-program,Federal Reserve H.15 and Data Download Program,financial-markets,us,United States,https://www.federalreserve.gov/datadownload/,"Official interest rates, exchange rates, money stock, industrial production and bank assets published directly by the Federal Reserve Board.",Board of Governors of the Federal Reserve System,CSV; XML; SDMX,Varies by series,"Thousands of series, many daily since 1962",US Government public domain,https://www.federalreserve.gov/,open,yes,"Board of Governors of the Federal Reserve System, Data Download Program",topics/financial-markets/us/dataset-03.json
finra-and-sec-market-structure-data,FINRA and SEC Market Structure Data,financial-markets,us,United States,https://www.sec.gov/data-research/market-structure,"Aggregated equity market metrics on trade sizes, speeds, hidden liquidity, odd lots and off-exchange volume, derived from consolidated audit trail sources.",US Securities and Exchange Commission,CSV; ZIP,~50 GB,Daily security-level metrics since 2012,US Government public domain,https://www.sec.gov/,open,yes,"SEC Market Structure data, Division of Economic and Risk Analysis",topics/financial-markets/us/dataset-04.json
us-treasury-fiscal-data-api,US Treasury Fiscal Data API,financial-markets,us,United States,https://fiscaldata.treasury.gov/api-documentation/,"Machine-readable federal financial data covering debt outstanding, auction results, interest rates, exchange rates and daily Treasury statements.",US Department of the Treasury,REST API; JSON; CSV; XML,API,80+ datasets with daily updates,US Government public domain,https://fiscaldata.treasury.gov/,open,yes,"US Department of the Treasury, Fiscal Data",topics/financial-markets/us/dataset-05.json
contracts-finder,Contracts Finder,government-spending-and-budgets,gb,United Kingdom,https://www.contractsfinder.service.gov.uk/Search,"Public sector procurement notices and awarded contracts above threshold, with supplier, value, dates and CPV classification, available as OCDS-formatted data.",Cabinet Office,OCDS JSON; CSV; REST API,Multi-GB,Millions of notices and awards,Open Government Licence v3.0,https://www.nationalarchives.gov.uk/doc/open-government-licence/version/3/,open,yes,"Contracts Finder, Cabinet Office",topics/government-spending-and-budgets/gb/dataset-01.json
hm-treasury-spending-data,HM Treasury Spending Data,government-spending-and-budgets,gb,United Kingdom,https://www.gov.uk/government/collections/spending-over-25-000,"Departmental transparency releases listing every payment over £25,000, with supplier, date, amount and expense type.",HM Treasury,CSV; XLSX,~2 GB across departments,Monthly releases since 2010,Open Government Licence v3.0,https://www.nationalarchives.gov.uk/doc/open-government-licence/version/3/,open,yes,"HM Treasury spend over £25,000",topics/government-spending-and-budgets/gb/dataset-02.json
data-gov-uk,data.gov.uk,government-spending-and-budgets,gb,United Kingdom,https://www.data.gov.uk/,"The UK's central open data catalogue covering spending, health, environment, transport, mapping and business data from central and local government.",Cabinet Office,CSV; JSON; XML; WMS; REST API,Varies by dataset,"50,000+ datasets",Mostly Open Government Licence v3.0,https://www.nationalarchives.gov.uk/doc/open-government-licence/version/3/,open,check,"data.gov.uk, Cabinet Office",topics/government-spending-and-budgets/gb/dataset-03.json
office-for-budget-responsibility-databank,Office for Budget Responsibility Databank,government-spending-and-budgets,gb,United Kingdom,https://obr.uk/data/,"Historical and forecast public finance series underlying official fiscal projections, covering receipts, spending, borrowing and debt.",Office for Budget Responsibility,XLSX; CSV,~500 MB,Long-run fiscal series with forecast vintages,Open Government Licence v3.0,https://www.nationalarchives.gov.uk/doc/open-government-licence/version/3/,open,yes,"Office for Budget Responsibility, Public finances databank",topics/government-spending-and-budgets/gb/dataset-04.json
find-a-tender-service,Find a Tender Service,government-spending-and-budgets,gb,United Kingdom,https://www.find-tender.service.gov.uk/Search,"High-value public procurement notices published under UK procurement regulations, the post-Brexit successor to the EU tenders journal.",Cabinet Office,OCDS JSON; REST API; CSV,Multi-GB,Notices from 2021 onward,Open Government Licence v3.0,https://www.nationalarchives.gov.uk/doc/open-government-licence/version/3/,open,yes,"Find a Tender Service, Cabinet Office",topics/government-spending-and-budgets/gb/dataset-05.json
union-budget-of-india,Union Budget of India,government-spending-and-budgets,in,India,https://www.indiabudget.gov.in/,"The full annual union budget with demand-for-grants detail, expenditure profiles, receipts, subsidies and ministry-wise allocations in machine-readable form.",Ministry of Finance,PDF; XLSX; CSV,~2 GB per year,Annual budgets with scheme-level allocations,Government Open Data License - India,https://www.data.gov.in/government-open-data-license-india,open,yes,"Union Budget, Ministry of Finance, Government of India",topics/government-spending-and-budgets/in/dataset-01.json
central-public-procurement-portal,Central Public Procurement Portal,government-spending-and-budgets,in,India,https://eprocure.gov.in/cppp/,"Tender notices, bid documents and award-of-contract details published by central ministries, PSUs and autonomous bodies.",National Informatics Centre,PDF; XLSX; Web,Multi-GB,Millions of tenders since 2012,Government Open Data License - India,https://www.data.gov.in/government-open-data-license-india,open,yes,"Central Public Procurement Portal, Government of India",topics/government-spending-and-budgets/in/dataset-02.json
comptroller-and-auditor-general-audit-reports,Comptroller and Auditor General Audit Reports,government-spending-and-budgets,in,India,https://cag.gov.in/en/audit-report,"Statutory audit reports on union and state government accounts, covering financial irregularities, scheme performance and public sector undertakings.",Comptroller and Auditor General of India,PDF; XLSX,~10 GB,Thousands of audit reports,Government Open Data License - India,https://www.data.gov.in/government-open-data-license-india,open,yes,"Comptroller and Auditor General of India, Audit Reports",topics/government-spending-and-budgets/in/dataset-03.json
rbi-state-finances-study,RBI State Finances Study,government-spending-and-budgets,in,India,https://www.rbi.org.in/Scripts/AnnualPublications.aspx?head=State+Finances+%3A+A+Study+of+Budgets,"The annual comparative study of all Indian state budgets, with receipts, expenditure, deficits, debt and outstanding liabilities by state.",Reserve Bank of India,PDF; XLSX,~500 MB,Annual editions covering all states and union territories,Free reuse with attribution to RBI,https://www.rbi.org.in/Scripts/Copyright.aspx,open,yes,"Reserve Bank of India, State Finances: A Study of Budgets",topics/government-spending-and-budgets/in/dataset-04.json
data-gov-in-finance-sector,data.gov.in Finance Sector,government-spending-and-budgets,in,India,https://www.data.gov.in/sector/finance,"Open government catalogue of fiscal datasets covering tax collections, scheme expenditure, grants to states and public sector finances.",National Informatics Centre,CSV; XLSX; JSON; REST API,Varies by resource,"4,000+ finance resources",Government Open Data License - India,https://www.data.gov.in/government-open-data-license-india,open,yes,Open Government Data Platform India,topics/government-spending-and-budgets/in/dataset-05.json
usaspending-gov,USAspending.gov,government-spending-and-budgets,us,United States,https://www.usaspending.gov/,"Every federal contract, grant, loan and direct payment with recipient, amount, awarding agency, place of performance and program code, exposed through a full REST API.",US Department of the Treasury,CSV; REST API; JSON,~1 TB full archive,100 million+ award transactions since 2008,US Government public domain,https://www.usaspending.gov/about,open,yes,"USAspending.gov, US Department of the Treasury",topics/government-spending-and-budgets/us/dataset-01.json
sam-gov-contract-opportunities,SAM.gov Contract Opportunities,government-spending-and-budgets,us,United States,https://sam.gov/data-services,"Federal contract opportunities, entity registrations, exclusions and wage determinations, with bulk extracts and an API for procurement pipelines.",US General Services Administration,CSV; JSON; XML; REST API,Multi-GB,Millions of opportunity and entity records,US Government public domain,https://sam.gov/,registration,yes,"SAM.gov Data Services, US General Services Administration",topics/government-spending-and-budgets/us/dataset-02.json
data-gov,Data.gov,government-spending-and-budgets,us,United States,https://data.gov/,"The United States' central open data catalogue, aggregating datasets from every federal agency plus many state and local governments.",US General Services Administration,CSV; JSON; XML; GeoJSON; REST API,Varies by dataset,"300,000+ datasets",Varies by publisher; federal data is public domain,https://data.gov/privacy-policy/#data_policy,open,check,"Data.gov, US General Services Administration",topics/government-spending-and-budgets/us/dataset-03.json
treasury-fiscal-service-federal-spending,Treasury Fiscal Service Federal Spending,government-spending-and-budgets,us,United States,https://fiscaldata.treasury.gov/datasets/,"Authoritative fiscal datasets including the monthly treasury statement, debt to the penny, federal revenue collections and outlays by function.",US Department of the Treasury,REST API; CSV; JSON,API and bulk files,80+ fiscal datasets,US Government public domain,https://fiscaldata.treasury.gov/,open,yes,"Fiscal Data, US Department of the Treasury",topics/government-spending-and-budgets/us/dataset-04.json
federal-audit-clearinghouse,Federal Audit Clearinghouse,government-spending-and-budgets,us,United States,https://www.fac.gov/,"Single audit reports for every entity spending federal award money above the threshold, with findings, questioned costs and auditee financial detail.",US General Services Administration,CSV; REST API; PDF,~20 GB,"40,000+ audits per year since 1997",US Government public domain,https://www.fac.gov/,open,yes,"Federal Audit Clearinghouse, US General Services Administration",topics/government-spending-and-budgets/us/dataset-05.json
statistics-canada-web-data-service,Statistics Canada Web Data Service,labour-and-employment,ca,Canada,https://www.statcan.gc.ca/en/developers,"REST API and bulk downloads for every Statistics Canada table, covering labour force, income, demographics, trade and industry.",Statistics Canada,REST API; CSV; JSON; SDMX,Varies by table,"8,000+ data tables",Statistics Canada Open Licence,https://www.statcan.gc.ca/en/reference/licence,open,yes,Statistics Canada Web Data Service,topics/labour-and-employment/ca/dataset-01.json
labour-force-survey-canada,Labour Force Survey (Canada),labour-and-employment,ca,Canada,https://www.statcan.gc.ca/en/survey/household/3701,"Monthly survey producing Canada's official unemployment rate, with detail by province, industry, occupation, age, gender and full or part-time status.",Statistics Canada,CSV; SDMX; PDF,Multi-GB,"56,000 households surveyed monthly",Statistics Canada Open Licence,https://www.statcan.gc.ca/en/reference/licence,open,yes,"Statistics Canada, Labour Force Survey",topics/labour-and-employment/ca/dataset-02.json
open-government-canada,Open Government Canada,labour-and-employment,ca,Canada,https://open.canada.ca/en/open-data,"Federal open data portal covering employment programmes, immigration, procurement, geospatial data and departmental performance.",Government of Canada,CSV; JSON; XML; Shapefile; REST API,Varies by dataset,"40,000+ datasets",Open Government Licence - Canada 2.0,https://open.canada.ca/en/open-government-licence-canada,open,yes,"Open Government Portal, Government of Canada",topics/labour-and-employment/ca/dataset-03.json
job-bank-labour-market-information,Job Bank Labour Market Information,labour-and-employment,ca,Canada,https://www.jobbank.gc.ca/trend-analysis,"Occupational outlooks, wage ranges by region, and in-demand skill profiles derived from job postings and administrative labour market data.",Employment and Social Development Canada,CSV; XLSX; Web,Varies by product,500+ occupations across regions,Open Government Licence - Canada 2.0,https://open.canada.ca/en/open-government-licence-canada,open,yes,"Job Bank, Employment and Social Development Canada",topics/labour-and-employment/ca/dataset-04.json
national-occupational-classification,National Occupational Classification,labour-and-employment,ca,Canada,https://noc.esdc.gc.ca/,"Canada's official taxonomy of occupations with hierarchical codes, duties, employment requirements and example job titles used across immigration and labour policy.",Employment and Social Development Canada and Statistics Canada,CSV; XLSX; Web,~50 MB,"500+ unit groups, 30,000+ job titles",Open Government Licence - Canada 2.0,https://open.canada.ca/en/open-government-licence-canada,open,yes,"National Occupational Classification, ESDC and Statistics Canada",topics/labour-and-employment/ca/dataset-05.json
ons-labour-market-statistics,ONS Labour Market Statistics,labour-and-employment,gb,United Kingdom,https://www.ons.gov.uk/employmentandlabourmarket,"The UK's headline employment, unemployment, inactivity, vacancy and earnings statistics, published monthly with regional and industry detail.",Office for National Statistics,CSV; XLSX; REST API,Multi-GB,Monthly series from 1971,Open Government Licence v3.0,https://www.nationalarchives.gov.uk/doc/open-government-licence/version/3/,open,yes,"Office for National Statistics, Employment and labour market",topics/labour-and-employment/gb/dataset-01.json
annual-survey-of-hours-and-earnings,Annual Survey of Hours and Earnings,labour-and-employment,gb,United Kingdom,https://www.ons.gov.uk/employmentandlabourmarket/peopleinwork/earningsandworkinghours,"The authoritative UK earnings survey giving hourly and weekly pay distributions by occupation, industry, region, age and gender.",Office for National Statistics,XLSX; CSV,~2 GB,"~180,000 employee records annually",Open Government Licence v3.0,https://www.nationalarchives.gov.uk/doc/open-government-licence/version/3/,open,yes,"Office for National Statistics, Annual Survey of Hours and Earnings",topics/labour-and-employment/gb/dataset-02.json
gender-pay-gap-service-data,Gender Pay Gap Service Data,labour-and-employment,gb,United Kingdom,https://gender-pay-gap.service.gov.uk/,"Mandatory gender pay gap reports from every UK employer with 250 or more staff, with mean and median gaps, bonus gaps and quartile distributions.",Government Equalities Office,CSV; REST API,~200 MB,"10,000+ employers reporting annually since 2017",Open Government Licence v3.0,https://www.nationalarchives.gov.uk/doc/open-government-licence/version/3/,open,yes,"Gender pay gap service, Government Equalities Office",topics/labour-and-employment/gb/dataset-03.json
standard-occupational-classification,Standard Occupational Classification,labour-and-employment,gb,United Kingdom,https://www.ons.gov.uk/methodology/classificationsandstandards/standardoccupationalclassificationsoc,"The UK's official occupation taxonomy with hierarchical codes, job title indexes and qualification levels, used across labour market and immigration policy.",Office for National Statistics,XLSX; CSV,~50 MB,"400+ unit groups, 30,000+ job titles",Open Government Licence v3.0,https://www.nationalarchives.gov.uk/doc/open-government-licence/version/3/,open,yes,"Office for National Statistics, Standard Occupational Classification",topics/labour-and-employment/gb/dataset-04.json
dwp-stat-xplore,DWP Stat-Xplore,labour-and-employment,gb,United Kingdom,https://stat-xplore.dwp.gov.uk/,"Query and API access to benefit caseload statistics covering Universal Credit, disability benefits, pensions and jobseeker support by geography and claimant characteristic.",Department for Work and Pensions,REST API; CSV; XLSX,Multi-GB,Monthly caseloads for millions of claimants,Open Government Licence v3.0,https://www.nationalarchives.gov.uk/doc/open-government-licence/version/3/,registration,yes,"Department for Work and Pensions, Stat-Xplore",topics/labour-and-employment/gb/dataset-05.json
bls-public-data-api,BLS Public Data API,labour-and-employment,us,United States,https://www.bls.gov/developers/,"Programmatic access to every published BLS series including unemployment, payroll employment, wages, productivity and price indices.",Bureau of Labor Statistics,REST API; JSON; TXT,API,"500,000+ time series",US Government public domain,https://www.bls.gov/bls/linksite.htm,registration,yes,US Bureau of Labor Statistics Public Data API,topics/labour-and-employment/us/dataset-01.json
current-population-survey,Current Population Survey,labour-and-employment,us,United States,https://www.census.gov/programs-surveys/cps.html,"The monthly household survey behind the official unemployment rate, with microdata on labour force status, hours, earnings and demographics.",US Census Bureau and BLS,CSV; Fixed-width; SAS,~20 GB,"60,000 households surveyed monthly since 1940",US Government public domain,https://www.census.gov/about/policies/open-gov.html,open,yes,"US Census Bureau and BLS, Current Population Survey",topics/labour-and-employment/us/dataset-02.json
o-net-database,O*NET Database,labour-and-employment,us,United States,https://www.onetcenter.org/database.html,"Structured descriptions of nearly a thousand occupations covering required skills, knowledge, abilities, work activities, tools, technologies and job zones.",US Department of Labor,CSV; SQL; XLSX; REST API,~200 MB,900+ occupations with 250+ descriptors each,CC BY 4.0,https://www.onetcenter.org/license_db.html,open,yes,"O*NET Database, US Department of Labor, Employment and Training Administration",topics/labour-and-employment/us/dataset-03.json
quarterly-census-of-employment-and-wages,Quarterly Census of Employment and Wages,labour-and-employment,us,United States,https://www.bls.gov/cew/,"A near-census of employment and wages from unemployment insurance filings, available by county, industry and ownership at monthly frequency.",Bureau of Labor Statistics,CSV; REST API,~20 GB,12 million+ establishments covered,US Government public domain,https://www.bls.gov/bls/linksite.htm,open,yes,"US Bureau of Labor Statistics, Quarterly Census of Employment and Wages",topics/labour-and-employment/us/dataset-04.json
census-lehd-lodes,Census LEHD LODES,labour-and-employment,us,United States,https://lehd.ces.census.gov/data/,"Origin-destination employment statistics linking where workers live to where they work at census block level, with job counts by age, earnings and industry.",US Census Bureau,CSV; GZIP,~50 GB,Block-level job flows for all states since 2002,US Government public domain,https://lehd.ces.census.gov/,open,yes,"US Census Bureau, LEHD Origin-Destination Employment Statistics",topics/labour-and-employment/us/dataset-05.json
epo-open-patent-services,EPO Open Patent Services,patents-and-trademarks,eu,European Union,https://www.epo.org/en/searching-for-patents/data/web-services/ops,"The European Patent Office's REST API for bibliographic data, full text, legal status, families and citations across worldwide patent collections.",European Patent Office,REST API; XML; JSON,API,140 million+ patent documents,EPO terms of use; free tier with registration,https://www.epo.org/en,registration,check,"European Patent Office, Open Patent Services",topics/patents-and-trademarks/eu/dataset-01.json
epo-worldwide-patent-statistical-database-patstat,EPO Worldwide Patent Statistical Database (PATSTAT),patents-and-trademarks,eu,European Union,https://www.epo.org/en/searching-for-patents/business/patstat,"The reference bibliographic database for patent statistics research, with harmonised applicants, citations, families and legal events across 100+ offices.",European Patent Office,SQL dump; CSV,~500 GB,100 million+ patent applications,"EPO licence; free online edition for academic use, paid for full editions",https://www.epo.org/en/searching-for-patents/business/patstat,agreement,check,EPO Worldwide Patent Statistical Database (PATSTAT),topics/patents-and-trademarks/eu/dataset-02.json
euipo-open-data,EUIPO Open Data,patents-and-trademarks,eu,European Union,https://www.euipo.europa.eu/en/open-data,"Bulk and API access to EU trade mark and registered Community design registers, including applicant, classification, status and opposition history.",European Union Intellectual Property Office,XML; CSV; REST API,~100 GB,2 million+ EU trade marks and 1.7 million designs,"EUIPO open data terms, free reuse with attribution",https://www.euipo.europa.eu/en/open-data,registration,yes,"European Union Intellectual Property Office, Open Data",topics/patents-and-trademarks/eu/dataset-03.json
eu-open-data-portal,EU Open Data Portal,patents-and-trademarks,eu,European Union,https://data.europa.eu/en,"The official portal for European open data, federating datasets from EU institutions and all member state national portals under one search and API.",Publications Office of the European Union,CSV; JSON; RDF; SPARQL; REST API,Varies by dataset,1.7 million+ datasets,Varies; commonly CC BY 4.0,https://data.europa.eu/en,open,check,"data.europa.eu, Publications Office of the European Union",topics/patents-and-trademarks/eu/dataset-04.json
espacenet-bulk-and-linked-data,Espacenet Bulk and Linked Data,patents-and-trademarks,eu,European Union,https://worldwide.espacenet.com/,"The EPO's public patent search covering worldwide collections with full-text, family and legal-status views, backed by downloadable result sets.",European Patent Office,XML; CSV; PDF,Varies by query,150 million+ patent documents,EPO terms of use,https://www.epo.org/en,open,check,"Espacenet, European Patent Office",topics/patents-and-trademarks/eu/dataset-05.json
j-platpat,J-PlatPat,patents-and-trademarks,jp,Japan,https://www.j-platpat.inpit.go.jp/,"The Japan Patent Office's public search platform for patents, utility models, designs and trademarks, with full text, legal status and family information.",INPIT and Japan Patent Office,Web; PDF; XML,Varies by query,100 million+ IP documents,"JPO terms of use, free reuse with attribution",https://www.j-platpat.inpit.go.jp/,open,check,"J-PlatPat, INPIT and Japan Patent Office",topics/patents-and-trademarks/jp/dataset-01.json
jpo-statistics-and-annual-reports,JPO Statistics and Annual Reports,patents-and-trademarks,jp,Japan,https://www.jpo.go.jp/e/resources/statistics/,"Official Japanese IP statistics covering applications, grants, examination pendency, appeals and international filings by technology field.",Japan Patent Office,XLSX; PDF; CSV,~500 MB,Annual series with long historical coverage,"Japan Government Standard Terms of Use, CC BY compatible",https://www.jpo.go.jp/e/,open,yes,"Japan Patent Office, Statistics and Annual Reports",topics/patents-and-trademarks/jp/dataset-02.json
inpit-ip-data-services,INPIT IP Data Services,patents-and-trademarks,jp,Japan,https://www.inpit.go.jp/english/,"Bulk and API distribution of Japanese patent, design and trademark data for research and commercial IP analytics platforms.",National Center for Industrial Property Information and Training,XML; REST API; ZIP,Multi-TB,Full Japanese IP corpus,INPIT terms; some products require a paid agreement,https://www.inpit.go.jp/english/,registration,check,"INPIT, National Center for Industrial Property Information and Training",topics/patents-and-trademarks/jp/dataset-03.json
wipo-ip-statistics-data-center,WIPO IP Statistics Data Center,patents-and-trademarks,jp,Japan,https://www.wipo.int/ipstats/en/,"Harmonised international IP filing, grant and validity statistics for Japan and every other member state, comparable across offices and decades.",World Intellectual Property Organization,CSV; XLSX; Web,~5 GB,Annual series from 1980 for 200+ offices,CC BY 3.0 IGO,https://www.wipo.int/tools/en/disclaim.html,open,yes,WIPO IP Statistics Data Center,topics/patents-and-trademarks/jp/dataset-04.json
japan-open-data-portal-ip-datasets,Japan Open Data Portal IP Datasets,patents-and-trademarks,jp,Japan,https://www.data.go.jp/,"The national open data catalogue including METI and JPO datasets on industrial property, standards, and innovation indicators.","Digital Agency, Government of Japan",CSV; XLSX; JSON; REST API,Varies by dataset,"30,000+ datasets","Japan Government Standard Terms of Use, CC BY compatible",https://www.data.go.jp/,open,yes,"data.go.jp, Digital Agency, Government of Japan",topics/patents-and-trademarks/jp/dataset-05.json
uspto-patentsview,USPTO PatentsView,patents-and-trademarks,us,United States,https://patentsview.org/,"A normalised relational database of US patents with disambiguated inventors and assignees, citations, CPC classifications and geocoded locations.",USPTO and PatentsView,CSV; TSV; REST API; PostgreSQL dump,~100 GB,8 million+ granted patents since 1976,CC BY 4.0,https://patentsview.org/,registration,yes,"PatentsView, US Patent and Trademark Office",topics/patents-and-trademarks/us/dataset-01.json
uspto-open-data-portal,USPTO Open Data Portal,patents-and-trademarks,us,United States,https://developer.uspto.gov/,"Official APIs and bulk products covering patent and trademark full text, examination file wrappers, assignments, and PTAB proceedings.",US Patent and Trademark Office,REST API; XML; JSON; ZIP,Multi-TB,Full US patent and trademark corpus,US Government public domain,https://developer.uspto.gov/,open,yes,USPTO Open Data Portal,topics/patents-and-trademarks/us/dataset-02.json
uspto-open-data-bulk-products,USPTO Open Data Bulk Products,patents-and-trademarks,us,United States,https://data.uspto.gov/,"Weekly full-text XML dumps of granted patents, published applications, trademark registrations and assignment records for local ingestion.",US Patent and Trademark Office,XML; ZIP; DTD,~5 TB full archive,Weekly issues since 1976,US Government public domain,https://data.uspto.gov/,open,yes,USPTO Bulk Data Storage System,topics/patents-and-trademarks/us/dataset-03.json
uspto-trademark-case-files-dataset,USPTO Trademark Case Files Dataset,patents-and-trademarks,us,United States,https://www.uspto.gov/ip-policy/economic-research/research-datasets,"Research-grade extracts of trademark applications and registrations with owner, mark text, classification, prosecution events and outcomes.",USPTO Office of the Chief Economist,CSV; Stata; ZIP,~20 GB,12 million+ trademark case files since 1870,US Government public domain,https://www.uspto.gov/,open,yes,"USPTO Office of the Chief Economist, Trademark Case Files Dataset",topics/patents-and-trademarks/us/dataset-04.json
google-patents-public-data-on-bigquery,Google Patents Public Data on BigQuery,patents-and-trademarks,us,United States,https://console.cloud.google.com/marketplace/product/google_patents_public_datasets/google-patents-public-data,"Normalised worldwide patent bibliographic and full-text data joined across offices, queryable in BigQuery with citation and family linkages.",Google and IFI CLAIMS,BigQuery,Multi-TB,120 million+ patent publications worldwide,CC BY 4.0 for the public dataset components,https://console.cloud.google.com/marketplace/product/google_patents_public_datasets/google-patents-public-data,registration,check,"Google Patents Public Datasets, Google Cloud",topics/patents-and-trademarks/us/dataset-05.json
nhs-england-statistics,NHS England Statistics,public-health,gb,United Kingdom,https://www.england.nhs.uk/statistics/,"Monthly operational statistics for the English NHS covering A&E attendances, referral to treatment waits, diagnostics, cancer waiting times and bed occupancy.",NHS England,CSV; XLSX,Multi-GB,Monthly series by trust and commissioner,Open Government Licence v3.0,https://www.nationalarchives.gov.uk/doc/open-government-licence/version/3/,open,yes,NHS England Statistics,topics/public-health/gb/dataset-01.json
nhs-business-services-authority-prescription-data,NHS Business Services Authority Prescription Data,public-health,gb,United Kingdom,https://opendata.nhsbsa.net/,"Every prescription item dispensed in English primary care, by practice, BNF chemical, quantity and cost, published monthly.",NHS Business Services Authority,CSV; REST API,~50 GB,1 billion+ prescription items per year,Open Government Licence v3.0,https://opendata.nhsbsa.net/,open,yes,NHS Business Services Authority Open Data Portal,topics/public-health/gb/dataset-02.json
nhs-digital-data-catalogue,NHS Digital Data Catalogue,public-health,gb,United Kingdom,https://digital.nhs.uk/data-and-information/data-collections-and-data-sets,"Catalogue of national health data collections including Hospital Episode Statistics, mental health services, maternity and community services datasets.",NHS England Digital,CSV; XLSX; PDF,Varies by collection,Hundreds of national collections,Open Government Licence v3.0 for published statistics,https://digital.nhs.uk/about-nhs-digital/terms-and-conditions,open,check,"NHS England Digital, Data Collections and Data Sets",topics/public-health/gb/dataset-03.json
ons-health-and-life-expectancy,ONS Health and Life Expectancy,public-health,gb,United Kingdom,https://www.ons.gov.uk/peoplepopulationandcommunity/healthandsocialcare,"Official statistics on mortality, life expectancy, cause of death, disability, health inequality and avoidable deaths, down to local authority level.",Office for National Statistics,CSV; XLSX; REST API,Varies by series,Hundreds of published series,Open Government Licence v3.0,https://www.nationalarchives.gov.uk/doc/open-government-licence/version/3/,open,yes,"Office for National Statistics, Health and Social Care",topics/public-health/gb/dataset-04.json
openprescribing,OpenPrescribing,public-health,gb,United Kingdom,https://openprescribing.net/,"A searchable analytics layer over English primary care prescribing with standardised measures, practice comparisons and a public API.","Bennett Institute for Applied Data Science, University of Oxford",REST API; CSV; JSON,Varies by query,"Monthly data for 6,000+ GP practices",MIT (code); prescribing data under OGL v3.0,https://openprescribing.net/about/,open,yes,"OpenPrescribing.net, Bennett Institute for Applied Data Science, University of Oxford",topics/public-health/gb/dataset-05.json
data-gov-in-health-sector,data.gov.in Health Sector,public-health,in,India,https://www.data.gov.in/sector/health-and-family-welfare,"Open government catalogue of health datasets covering hospital infrastructure, disease incidence, immunisation coverage, blood banks and medical colleges.",National Informatics Centre,CSV; XLSX; JSON; REST API,Varies by resource,"8,000+ health resources",Government Open Data License - India,https://www.data.gov.in/government-open-data-license-india,open,yes,Open Government Data Platform India,topics/public-health/in/dataset-01.json
national-health-mission-hmis,National Health Mission HMIS,public-health,in,India,https://hmis.mohfw.gov.in/,"Monthly facility-level reporting on institutional deliveries, immunisation, antenatal care, outpatient load and disease programmes across every district.",Ministry of Health and Family Welfare,XLSX; PDF; Web dashboard,Multi-GB,"200,000+ reporting health facilities",Government Open Data License - India,https://www.data.gov.in/government-open-data-license-india,open,yes,"Health Management Information System, Ministry of Health and Family Welfare",topics/public-health/in/dataset-02.json
national-health-profile,National Health Profile,public-health,in,India,https://cbhidghs.mohfw.gov.in/,"The annual national compendium of demographic, socioeconomic, health status, health finance and health infrastructure indicators by state.",Central Bureau of Health Intelligence,PDF; XLSX,~200 MB per edition,Annual editions with state-level tables,Government Open Data License - India,https://www.data.gov.in/government-open-data-license-india,open,yes,"Central Bureau of Health Intelligence, National Health Profile",topics/public-health/in/dataset-03.json
national-health-authority-public-dashboards,National Health Authority Public Dashboards,public-health,in,India,https://nha.gov.in/,"Public reporting for India's national health insurance scheme and digital health mission, covering hospital admissions, empanelled hospitals, claims and ABDM adoption.",National Health Authority,Web dashboard; XLSX; CSV,Varies by query,70 million+ hospital admissions,Government Open Data License - India,https://www.data.gov.in/government-open-data-license-india,open,yes,"National Health Authority, Government of India",topics/public-health/in/dataset-04.json
global-burden-of-disease-india-results,Global Burden of Disease India Results,public-health,in,India,https://vizhub.healthdata.org/gbd-results/,"Modelled mortality, morbidity and risk factor estimates for India and its states, comparable across 200+ countries and back to 1990.",Institute for Health Metrics and Evaluation,CSV; REST API,~50 GB,"370+ diseases and injuries, 88 risk factors",IHME Free-of-Charge Non-commercial User Agreement,https://www.healthdata.org/Data-tools-practices/data-practices/ihme-free-charge-non-commercial-user-agreement,registration,no,"Institute for Health Metrics and Evaluation, Global Burden of Disease Study",topics/public-health/in/dataset-05.json
cms-medicare-provider-data,CMS Medicare Provider Data,public-health,us,United States,https://data.cms.gov/,"Open Medicare data covering provider utilisation and payments, hospital quality measures, drug spending, nursing home ratings and enrolment.",Centers for Medicare and Medicaid Services,CSV; JSON; REST API,Multi-GB,"Hundreds of datasets, billions of claim-derived rows",US Government public domain,https://data.cms.gov/,open,yes,"Centers for Medicare and Medicaid Services, data.cms.gov",topics/public-health/us/dataset-01.json
openfda,openFDA,public-health,us,United States,https://open.fda.gov/,"APIs over FDA adverse event reports, drug labels, recalls, device reports and NDC product listings, with full historical downloads.",US Food and Drug Administration,REST API; JSON,~100 GB full downloads,20 million+ adverse event reports,"US Government public domain, CC0-equivalent",https://open.fda.gov/license/,open,yes,"openFDA, US Food and Drug Administration",topics/public-health/us/dataset-02.json
cdc-brfss,CDC BRFSS,public-health,us,United States,https://www.cdc.gov/brfss/index.html,"The world's largest continuously conducted health survey, collecting risk behaviours, chronic conditions and preventive service use from US adults by state.",Centers for Disease Control and Prevention,SAS; ASCII; CSV,~10 GB,"400,000+ interviews per year since 1984",US Government public domain,https://www.cdc.gov/,open,yes,"CDC, Behavioral Risk Factor Surveillance System",topics/public-health/us/dataset-03.json
healthdata-gov,HealthData.gov,public-health,us,United States,https://healthdata.gov/,"Federal catalogue of health datasets from HHS agencies, covering hospital capacity, provider directories, community health and public health surveillance.",US Department of Health and Human Services,CSV; JSON; REST API,Varies by dataset,"3,000+ datasets",US Government public domain,https://healthdata.gov/,open,yes,"HealthData.gov, US Department of Health and Human Services",topics/public-health/us/dataset-04.json
nhanes,NHANES,public-health,us,United States,https://www.cdc.gov/nchs/nhanes/index.htm,"Survey combining interviews with physical examinations and laboratory tests, giving objectively measured biomarkers, diet and body composition for a national sample.",National Center for Health Statistics,SAS XPORT; CSV,~20 GB,"~5,000 examined participants per year",US Government public domain,https://www.cdc.gov/nchs/,open,yes,"CDC National Center for Health Statistics, NHANES",topics/public-health/us/dataset-05.json
mobilithek,Mobilithek,public-transit,de,Germany,https://mobilithek.info/,"Germany's national access point for mobility data, brokering GTFS timetables, real-time feeds, roadworks, parking and traffic data from federal and state providers.",Bundesministerium für Digitales und Verkehr,GTFS; GTFS-RT; DATEX II; NeTEx; REST API,Varies by feed,Hundreds of mobility data offers,Varies by provider; commonly CC BY 4.0 or DL-DE-BY,https://mobilithek.info/,registration,check,"Mobilithek, BMDV",topics/public-transit/de/dataset-01.json
deutsche-bahn-open-data,Deutsche Bahn Open Data,public-transit,de,Germany,https://data.deutschebahn.com/,"Rail network and station data including station facilities, platform geometry, lifts and escalators, parking, and travel centre locations.",Deutsche Bahn AG,CSV; JSON; GeoJSON; REST API,Varies by dataset,"100+ datasets covering 5,400 stations",CC BY 4.0 and Deutsche Bahn Datenlizenz,https://data.deutschebahn.com/,open,check,Deutsche Bahn Open-Data-Portal,topics/public-transit/de/dataset-02.json
gtfs-de-feeds,GTFS.de Feeds,public-transit,de,Germany,https://gtfs.de/,"Consolidated GTFS feeds covering long-distance, regional and local public transport across Germany, rebuilt regularly from official sources.",gtfs.de,GTFS; GTFS-RT,~500 MB per full feed,National coverage of German public transport,CC BY 4.0,https://gtfs.de/en/feeds/,open,yes,"gtfs.de, Germany-wide GTFS feeds",topics/public-transit/de/dataset-03.json
govdata-germany,GovData Germany,public-transit,de,Germany,https://www.govdata.de/,"Federal open data portal aggregating datasets from all sixteen states, with transport, environment, population and administration categories.",Bundesministerium des Innern,CSV; JSON; XML; WMS,Varies by dataset,"100,000+ datasets",Varies; commonly DL-DE-BY-2.0 or CC BY 4.0,https://www.govdata.de/informationen/lizenzen,open,check,"GovData, Datenportal für Deutschland",topics/public-transit/de/dataset-04.json
vbb-open-data,VBB Open Data,public-transit,de,Germany,https://unternehmen.vbb.de/en/digital-services/datasets/,"Berlin and Brandenburg transport association data covering GTFS timetables, fare zones, stop registers and a departure-monitor API.",Verkehrsverbund Berlin-Brandenburg,GTFS; CSV; REST API,~200 MB,"13,000+ stops across Berlin-Brandenburg",CC BY 4.0 (Datenlizenz Deutschland Namensnennung),https://unternehmen.vbb.de/en/digital-services/datasets/,registration,yes,Verkehrsverbund Berlin-Brandenburg (VBB) Open Data,topics/public-transit/de/dataset-05.json
transport-data-gouv-fr,transport.data.gouv.fr,public-transit,fr,France,https://transport.data.gouv.fr/,"France's national access point for mobility data, aggregating validated GTFS, GTFS-RT, GBFS and NeTEx feeds from every transit authority in the country.",DINUM and Ministère de la Transition écologique,GTFS; GTFS-RT; NeTEx; GBFS; REST API,Varies by feed,400+ transit and shared mobility feeds,Licence Ouverte 2.0 or ODbL depending on feed,https://transport.data.gouv.fr/,open,yes,"transport.data.gouv.fr, Point d'Accès National aux données de transport",topics/public-transit/fr/dataset-01.json
sncf-open-data,SNCF Open Data,public-transit,fr,France,https://ressources.data.sncf.com/,"French national rail data covering timetables, real-time arrivals, punctuality by route, station facilities, passenger counts and ticket prices.",SNCF,CSV; JSON; GeoJSON; REST API,Multi-GB,200+ datasets across the rail network,Licence Ouverte 2.0 and ODbL depending on dataset,https://ressources.data.sncf.com/,open,yes,SNCF Open Data,topics/public-transit/fr/dataset-02.json
le-de-france-mobilit-s-open-data,Île-de-France Mobilités Open Data,public-transit,fr,France,https://data.iledefrance-mobilites.fr/,"Timetables, network topology, real-time departures, accessibility and ridership counts for the Paris region's metro, RER, bus and tram network.",Île-de-France Mobilités,GTFS; GTFS-RT; CSV; REST API,~2 GB,Paris region network with 12 million daily trips,Licence Ouverte 2.0 and ODbL,https://data.iledefrance-mobilites.fr/,registration,yes,Île-de-France Mobilités Open Data,topics/public-transit/fr/dataset-03.json
ratp-open-data,RATP Open Data,public-transit,fr,France,https://data.ratp.fr/,"Paris operator data covering station and line geometry, lift and escalator status, traffic by station, air quality in the metro and cycle parking.",RATP,CSV; JSON; GeoJSON; REST API,~1 GB,300+ metro stations and the full bus network,Licence Ouverte 2.0 and ODbL,https://data.ratp.fr/,open,yes,RATP Open Data,topics/public-transit/fr/dataset-04.json
navitia-api,Navitia API,public-transit,fr,France,https://www.navitia.io/,"Open journey-planning API over the aggregated French and international transit feeds, exposing routing, isochrones, stop schedules and disruptions.",Kisio Digital / Hove,REST API; JSON,API,Coverage of France plus dozens of other regions,AGPL-3.0 (engine); data under source feed licenses,https://www.navitia.io/,registration,check,"Navitia.io, Hove",topics/public-transit/fr/dataset-05.json
national-transit-database,National Transit Database,public-transit,us,United States,https://www.transit.dot.gov/ntd,"Mandatory annual and monthly reporting from every federally funded transit agency, covering ridership, revenue miles, fleet, safety events and operating cost.",Federal Transit Administration,XLSX; CSV,~1 GB,"3,000+ reporting agencies",US Government public domain,https://www.transit.dot.gov/,open,yes,"Federal Transit Administration, National Transit Database",topics/public-transit/us/dataset-01.json
mta-open-data,MTA Open Data,public-transit,us,United States,https://data.ny.gov/browse?Dataset-Information_Agency=Metropolitan+Transportation+Authority,"New York's subway, bus, commuter rail and bridge data including turnstile entries, hourly ridership, service alerts and on-time performance.",Metropolitan Transportation Authority,CSV; JSON; REST API,Multi-GB,Hundreds of datasets,NY State open data terms,https://data.ny.gov/,open,yes,"MTA Open Data, data.ny.gov",topics/public-transit/us/dataset-02.json
transitfeeds-gtfs-archive,TransitFeeds GTFS Archive,public-transit,us,United States,https://transitfeeds.com/,"Historical archive of GTFS schedule feeds from agencies worldwide, letting you reconstruct what a transit network looked like on any past date.",TransitFeeds / MobilityData,GTFS; ZIP; REST API,Hundreds of GB,"1,000+ agencies with historical snapshots",Feeds carry their agency licenses,https://transitfeeds.com/,open,check,"TransitFeeds, now maintained by MobilityData",topics/public-transit/us/dataset-03.json
bts-transit-profiles,BTS Transit Profiles,public-transit,us,United States,https://www.bts.gov/browse-statistical-products-and-data,"Cross-modal statistical products covering passenger travel, transit performance, freight movement and transportation economics.",Bureau of Transportation Statistics,CSV; XLSX; REST API,Varies by product,Hundreds of statistical products,US Government public domain,https://www.bts.gov/,open,yes,Bureau of Transportation Statistics,topics/public-transit/us/dataset-04.json
sfmta-open-data,SFMTA Open Data,public-transit,us,United States,https://data.sfgov.org/browse?tags=sfmta,"San Francisco transit and streets data including Muni routes, stops, passenger counts, speed data, parking meters and taxi trips.",San Francisco Municipal Transportation Agency,CSV; GeoJSON; REST API,Varies by dataset,100+ transport datasets,"San Francisco open data terms, public domain",https://datasf.org/opendata/terms-of-use/,open,yes,"DataSF, San Francisco Open Data Portal",topics/public-transit/us/dataset-05.json
abs-residential-property-price-indexes,ABS Residential Property Price Indexes,real-estate-and-housing,au,Australia,https://www.abs.gov.au/statistics/economy/price-indexes-and-inflation,"Official quarterly house and attached dwelling price indexes for the eight Australian capital cities, with total value of the dwelling stock.",Australian Bureau of Statistics,XLSX; CSV; SDMX,~200 MB,Quarterly series from 2003,CC BY 4.0,https://www.abs.gov.au/website-privacy-copyright-and-disclaimer,open,yes,"Australian Bureau of Statistics, Residential Property Price Indexes",topics/real-estate-and-housing/au/dataset-01.json
abs-building-approvals,ABS Building Approvals,real-estate-and-housing,au,Australia,https://www.abs.gov.au/statistics/industry/building-and-construction,"Monthly counts and values of approved residential and non-residential building work by local government area, the leading indicator for Australian construction.",Australian Bureau of Statistics,XLSX; CSV; SDMX,~500 MB,Monthly series from 1983,CC BY 4.0,https://www.abs.gov.au/website-privacy-copyright-and-disclaimer,open,yes,"Australian Bureau of Statistics, Building Approvals",topics/real-estate-and-housing/au/dataset-02.json
nsw-property-sales-information,NSW Property Sales Information,real-estate-and-housing,au,Australia,https://valuation.property.nsw.gov.au/embed/propertySalesInformation,"Weekly and annual dumps of every property sale registered in New South Wales, with address, price, contract date, area and zoning.",NSW Valuer General,DAT; ZIP; CSV,~5 GB,Millions of sales since 1990,CC BY 4.0,https://www.nsw.gov.au/copyright,open,yes,"NSW Valuer General, Property Sales Information",topics/real-estate-and-housing/au/dataset-03.json
aihw-housing-assistance-data,AIHW Housing Assistance Data,real-estate-and-housing,au,Australia,https://www.aihw.gov.au/reports-data/health-welfare-services/housing-assistance,"National social housing, homelessness services and rent assistance statistics with waiting lists, tenant demographics and service outcomes.",Australian Institute of Health and Welfare,XLSX; CSV; PDF,~1 GB,Annual national collections,CC BY 4.0,https://www.aihw.gov.au/copyright,open,yes,"Australian Institute of Health and Welfare, Housing Assistance",topics/real-estate-and-housing/au/dataset-04.json
abs-census-of-population-and-housing,ABS Census of Population and Housing,real-estate-and-housing,au,Australia,https://www.abs.gov.au/census,"Five-yearly census tables on dwelling structure, tenure, mortgage and rent payments, household composition and occupancy down to statistical area level 1.",Australian Bureau of Statistics,CSV; XLSX; TableBuilder,Multi-GB,"26 million+ people, 11 million+ dwellings",CC BY 4.0,https://www.abs.gov.au/website-privacy-copyright-and-disclaimer,open,yes,"Australian Bureau of Statistics, Census of Population and Housing",topics/real-estate-and-housing/au/dataset-05.json
hm-land-registry-price-paid-data,HM Land Registry Price Paid Data,real-estate-and-housing,gb,United Kingdom,https://www.gov.uk/government/statistical-data-sets/price-paid-data-downloads,"Every residential property sale registered in England and Wales since 1995, with full address, price, date, property type and tenure.",HM Land Registry,CSV; Linked Data API,~4 GB complete file,28 million+ transactions since 1995,Open Government Licence v3.0,https://www.nationalarchives.gov.uk/doc/open-government-licence/version/3/,open,yes,"HM Land Registry Price Paid Data, contains HM Land Registry data Crown copyright",topics/real-estate-and-housing/gb/dataset-01.json
uk-house-price-index,UK House Price Index,real-estate-and-housing,gb,United Kingdom,https://www.gov.uk/government/collections/uk-house-price-index-reports,"Official monthly hedonic house price index down to local authority level, split by property type, buyer status and funding method.",HM Land Registry and ONS,CSV; Linked Data,~200 MB,Monthly series from 1968,Open Government Licence v3.0,https://www.nationalarchives.gov.uk/doc/open-government-licence/version/3/,open,yes,"UK House Price Index, HM Land Registry",topics/real-estate-and-housing/gb/dataset-02.json
energy-performance-of-buildings-data,Energy Performance of Buildings Data,real-estate-and-housing,gb,United Kingdom,https://epc.opendatacommunities.org/,"Energy performance certificates for domestic and non-domestic buildings, giving floor area, construction age, heating type, insulation and efficiency ratings by address.","Department for Levelling Up, Housing and Communities",CSV; REST API,~10 GB,25 million+ certificates,Open Government Licence v3.0,https://epc.opendatacommunities.org/docs/copyright,registration,yes,Energy Performance of Buildings Data England and Wales,topics/real-estate-and-housing/gb/dataset-03.json
ons-housing-statistics,ONS Housing Statistics,real-estate-and-housing,gb,United Kingdom,https://www.ons.gov.uk/peoplepopulationandcommunity/housing,"National statistics on housing affordability, private rental prices, dwelling stock, second homes and household composition.",Office for National Statistics,CSV; XLSX; REST API,Varies by series,Hundreds of published series,Open Government Licence v3.0,https://www.nationalarchives.gov.uk/doc/open-government-licence/version/3/,open,yes,"Office for National Statistics, Housing",topics/real-estate-and-housing/gb/dataset-04.json
ordnance-survey-open-data,Ordnance Survey Open Data,real-estate-and-housing,gb,United Kingdom,https://osdatahub.os.uk/downloads/open,"Free national mapping products including building outlines, postcode centroids, road networks and administrative boundaries, the geographic base layer for UK property analysis.",Ordnance Survey,GeoPackage; Shapefile; CSV; Vector tiles,Up to ~20 GB per product,National coverage of Great Britain,Open Government Licence v3.0 with OS attribution,https://www.nationalarchives.gov.uk/doc/open-government-licence/version/3/,open,yes,"Ordnance Survey OS OpenData, Crown copyright and database right",topics/real-estate-and-housing/gb/dataset-05.json
fhfa-house-price-index,FHFA House Price Index,real-estate-and-housing,us,United States,https://www.fhfa.gov/data/hpi,"Repeat-sales house price indices for the nation, states, metros and ZIP codes, built from conforming mortgage transactions since 1975.",Federal Housing Finance Agency,CSV; XLSX,~100 MB,Quarterly and monthly series from 1975,US Government public domain,https://www.fhfa.gov/,open,yes,FHFA House Price Index,topics/real-estate-and-housing/us/dataset-01.json
american-housing-survey,American Housing Survey,real-estate-and-housing,us,United States,https://www.census.gov/programs-surveys/ahs.html,"Detailed microdata on housing units and their occupants covering size, age, condition, costs, mortgages, neighbourhood quality and recent moves.",US Census Bureau and HUD,CSV; SAS; DAT,~2 GB per biennial wave,"~60,000 housing units per wave",US Government public domain,https://www.census.gov/about/policies/open-gov.html,open,yes,"US Census Bureau, American Housing Survey",topics/real-estate-and-housing/us/dataset-02.json
hud-open-data,HUD Open Data,real-estate-and-housing,us,United States,https://hudgis-hud.opendata.arcgis.com/,"Geospatial and tabular housing data covering public housing developments, fair market rents, low-income housing tax credit properties and homelessness counts.",US Department of Housing and Urban Development,GeoJSON; Shapefile; CSV; REST API,Varies by layer,200+ published datasets,US Government public domain,https://www.hud.gov/,open,yes,HUD Open Data Portal,topics/real-estate-and-housing/us/dataset-03.json
hmda-loan-application-register,HMDA Loan Application Register,real-estate-and-housing,us,United States,https://ffiec.cfpb.gov/data-browser/,"Every reported mortgage application in the country with loan amount, purpose, outcome, applicant demographics and census-tract location.",Consumer Financial Protection Bureau,CSV; REST API,~10 GB per year,~15 million applications per year,US Government public domain,https://ffiec.cfpb.gov/,open,yes,"Home Mortgage Disclosure Act data, CFPB",topics/real-estate-and-housing/us/dataset-04.json
census-building-permits-survey,Census Building Permits Survey,real-estate-and-housing,us,United States,https://www.census.gov/construction/bps/,"Monthly and annual counts of new residential construction permits by place, county and metro area, a standard leading indicator for housing supply.",US Census Bureau,CSV; TXT,~500 MB,Monthly series from 1959,US Government public domain,https://www.census.gov/about/policies/open-gov.html,open,yes,"US Census Bureau, Building Permits Survey",topics/real-estate-and-housing/us/dataset-05.json
onisr-road-safety-data,ONISR Road Safety Data,road-safety-and-accidents,fr,France,https://www.onisr.securite-routiere.gouv.fr/,"France's national road safety observatory, publishing annual casualty counts, risk factors, vehicle categories and long-run trend analysis.",Observatoire national interministériel de la sécurité routière,CSV; XLSX; PDF,~500 MB,Annual series from 1970,Licence Ouverte 2.0,https://www.etalab.gouv.fr/licence-ouverte-open-licence/,open,yes,"ONISR, Sécurité routière",topics/road-safety-and-accidents/fr/dataset-01.json
bases-de-donn-es-accidents-corporels-baac,Bases de données accidents corporels (BAAC),road-safety-and-accidents,fr,France,https://www.data.gouv.fr/datasets/bases-de-donnees-annuelles-des-accidents-corporels-de-la-circulation-routiere-annees-de-2005-a-2023/,"Every injury road collision recorded by French police since 2005, in four linked tables covering the crash, location, vehicles and each person involved.",Ministère de l'Intérieur,CSV,~1 GB,1 million+ collisions since 2005,Licence Ouverte 2.0,https://www.etalab.gouv.fr/licence-ouverte-open-licence/,open,yes,"Ministère de l'Intérieur, Bases de données annuelles des accidents corporels de la circulation routière",topics/road-safety-and-accidents/fr/dataset-02.json
cerema-road-and-mobility-data,Cerema Road and Mobility Data,road-safety-and-accidents,fr,France,https://www.cerema.fr/fr,"Technical research data on road infrastructure, traffic modelling, cycling networks and road safety engineering across the French network.",Cerema,CSV; Shapefile; PDF,Varies by dataset,Hundreds of studies and datasets,Licence Ouverte 2.0 for open publications,https://www.etalab.gouv.fr/licence-ouverte-open-licence/,open,check,"Cerema, Centre d'études et d'expertise sur les risques, l'environnement, la mobilité et l'aménagement",topics/road-safety-and-accidents/fr/dataset-03.json
radars-automatiques-open-data,Radars automatiques Open Data,road-safety-and-accidents,fr,France,https://www.data.gouv.fr/datasets/radars-automatiques/,"Location, type, direction and speed threshold of every automated speed camera in France, with installation dates.",Ministère de l'Intérieur,CSV; JSON; GeoJSON,~10 MB,"4,000+ speed cameras",Licence Ouverte 2.0,https://www.etalab.gouv.fr/licence-ouverte-open-licence/,open,yes,"Ministère de l'Intérieur, Radars automatiques",topics/road-safety-and-accidents/fr/dataset-04.json
fichier-des-immatriculations-et-contr-le-technique,Fichier des immatriculations et contrôle technique,road-safety-and-accidents,fr,France,https://www.data.gouv.fr/datasets/?q=controle+technique,"Open datasets on the French vehicle fleet and periodic roadworthiness testing, covering pass rates, defect categories and fleet age.",Ministère de la Transition écologique,CSV; XLSX,~2 GB,Millions of test records,Licence Ouverte 2.0,https://www.etalab.gouv.fr/licence-ouverte-open-licence/,open,yes,"data.gouv.fr, contrôle technique des véhicules",topics/road-safety-and-accidents/fr/dataset-05.json
stats19-road-safety-data,STATS19 Road Safety Data,road-safety-and-accidents,gb,United Kingdom,https://www.data.gov.uk/dataset/cb7ae6f0-4be6-4935-9277-47e5ce24a11f/road-safety-data,"Every personal-injury road collision reported to police in Great Britain since 1979, with coordinates, casualty severity, vehicle manoeuvres and road conditions.",Department for Transport,CSV,~2 GB,"Millions of collisions, vehicles and casualties",Open Government Licence v3.0,https://www.nationalarchives.gov.uk/doc/open-government-licence/version/3/,open,yes,"Department for Transport, Road Safety Data (STATS19)",topics/road-safety-and-accidents/gb/dataset-01.json
dft-road-traffic-statistics,DfT Road Traffic Statistics,road-safety-and-accidents,gb,United Kingdom,https://roadtraffic.dft.gov.uk/,"Annual average daily traffic counts by vehicle type at tens of thousands of count points on the British road network, downloadable per region or road.",Department for Transport,CSV; REST API,~1 GB,Count points from 1993 onwards,Open Government Licence v3.0,https://www.nationalarchives.gov.uk/doc/open-government-licence/version/3/,open,yes,"Department for Transport, Road Traffic Statistics",topics/road-safety-and-accidents/gb/dataset-02.json
dvsa-mot-testing-data,DVSA MOT Testing Data,road-safety-and-accidents,gb,United Kingdom,https://www.data.gov.uk/dataset/e3939ef8-30c7-4ca8-9c7c-ad9475cc9b2f/anonymised-mot-tests-and-results,"Anonymised results of every MOT roadworthiness test, with make, model, mileage, test outcome and the specific defects recorded.",Driver and Vehicle Standards Agency,CSV; TXT,~20 GB,500 million+ tests since 2005,Open Government Licence v3.0,https://www.nationalarchives.gov.uk/doc/open-government-licence/version/3/,open,yes,"DVSA, Anonymised MOT tests and results",topics/road-safety-and-accidents/gb/dataset-03.json
dft-statistics-collections,DfT Statistics Collections,road-safety-and-accidents,gb,United Kingdom,https://www.gov.uk/government/organisations/department-for-transport/about/statistics,"Official transport statistics collections covering road casualties, vehicle licensing, walking and cycling, freight and public transport usage.",Department for Transport,CSV; XLSX; ODS,Varies by collection,Hundreds of statistical series,Open Government Licence v3.0,https://www.nationalarchives.gov.uk/doc/open-government-licence/version/3/,open,yes,Department for Transport statistics,topics/road-safety-and-accidents/gb/dataset-04.json
data-gov-uk-transport,data.gov.uk Transport,road-safety-and-accidents,gb,United Kingdom,https://www.data.gov.uk/search?filters%5Btopic%5D=Transport,"National open data catalogue filtered to transport, covering traffic counts, cycling infrastructure, bus punctuality and local authority road data.",Cabinet Office,CSV; JSON; GeoJSON; WMS,Varies by dataset,"3,000+ transport datasets",Open Government Licence v3.0,https://www.nationalarchives.gov.uk/doc/open-government-licence/version/3/,open,yes,data.gov.uk,topics/road-safety-and-accidents/gb/dataset-05.json
fars-fatality-analysis-reporting-system,FARS Fatality Analysis Reporting System,road-safety-and-accidents,us,United States,https://www.nhtsa.gov/research-data/fatality-analysis-reporting-system-fars,"A census of every fatal traffic crash on US public roads since 1975, with over a hundred coded variables per crash, vehicle and person involved.",National Highway Traffic Safety Administration,CSV; SAS; DBF,~5 GB full archive,"~35,000 fatal crashes per year since 1975",US Government public domain,https://www.nhtsa.gov/,open,yes,"NHTSA, Fatality Analysis Reporting System",topics/road-safety-and-accidents/us/dataset-01.json
nhtsa-crash-report-sampling-system,NHTSA Crash Report Sampling System,road-safety-and-accidents,us,United States,https://www.nhtsa.gov/crash-data-systems/crash-report-sampling-system,"A nationally representative probability sample of police-reported crashes of all severities, used to estimate total injuries and property damage.",National Highway Traffic Safety Administration,CSV; SAS,~2 GB,"~50,000 sampled crashes per year",US Government public domain,https://www.nhtsa.gov/,open,yes,"NHTSA, Crash Report Sampling System",topics/road-safety-and-accidents/us/dataset-02.json
fmcsa-motor-carrier-safety-data,FMCSA Motor Carrier Safety Data,road-safety-and-accidents,us,United States,https://data.transportation.gov/,"Commercial vehicle safety records covering carrier registrations, roadside inspections, violations and large-truck crash involvement.",Federal Motor Carrier Safety Administration,CSV; JSON; REST API,Multi-GB,Millions of inspection and crash records,US Government public domain,https://data.transportation.gov/,open,yes,"US DOT, data.transportation.gov",topics/road-safety-and-accidents/us/dataset-03.json
nyc-motor-vehicle-collisions,NYC Motor Vehicle Collisions,road-safety-and-accidents,us,United States,https://data.cityofnewyork.us/Public-Safety/Motor-Vehicle-Collisions-Crashes/h9gi-nx95,"Every police-reported New York City collision since 2012 with coordinates, contributing factors, vehicle types and injury counts by road user type.",NYC Police Department,CSV; JSON; GeoJSON; REST API,~500 MB,2 million+ collisions since 2012,NYC Open Data Terms of Use,https://opendata.cityofnewyork.us/overview/,open,yes,"NYC Open Data, Motor Vehicle Collisions - Crashes",topics/road-safety-and-accidents/us/dataset-04.json
fhwa-highway-performance-monitoring-system,FHWA Highway Performance Monitoring System,road-safety-and-accidents,us,United States,https://www.fhwa.dot.gov/policyinformation/hpms.cfm,"National inventory of road extent, condition, geometry and traffic volume used for federal apportionment and exposure-adjusted safety analysis.",Federal Highway Administration,Shapefile; CSV; Geodatabase,~10 GB,National road network with annual updates,US Government public domain,https://www.fhwa.dot.gov/,open,yes,"FHWA, Highway Performance Monitoring System",topics/road-safety-and-accidents/us/dataset-05.json
copernicus-data-space-ecosystem,Copernicus Data Space Ecosystem,satellite-and-earth-observation,eu,European Union,https://dataspace.copernicus.eu/,"Free full-archive access to Sentinel-1 radar, Sentinel-2 optical, Sentinel-3 and Sentinel-5P imagery with STAC catalogues, S3 access and processing APIs.",European Space Agency and European Commission,SAFE; GeoTIFF; NetCDF; STAC API,Tens of petabytes,"Global coverage, Sentinel-2 revisit every 5 days","Copernicus open licence, free and full reuse",https://dataspace.copernicus.eu/terms-and-conditions,registration,yes,"Copernicus Data Space Ecosystem, European Union",topics/satellite-and-earth-observation/eu/dataset-01.json
copernicus-climate-data-store,Copernicus Climate Data Store,satellite-and-earth-observation,eu,European Union,https://cds.climate.copernicus.eu/,"Climate reanalysis, seasonal forecast and observation datasets including ERA5, the most widely used global hourly atmospheric reanalysis.",ECMWF and Copernicus Climate Change Service,NetCDF; GRIB; Python API,Petabyte-scale,ERA5 hourly global data from 1940,"Copernicus licence, free reuse with attribution",https://cds.climate.copernicus.eu/,registration,yes,"Hersbach et al. (2020), The ERA5 global reanalysis. QJRMS 146(730)",topics/satellite-and-earth-observation/eu/dataset-02.json
copernicus-land-monitoring-service,Copernicus Land Monitoring Service,satellite-and-earth-observation,eu,European Union,https://land.copernicus.eu/en,"Pan-European land cover and land use products including CORINE Land Cover, imperviousness, forest type and high-resolution vegetation layers.",European Environment Agency,GeoTIFF; Shapefile; GeoPackage,~10 TB,Pan-European coverage from 1990,"Copernicus open licence, free reuse with attribution",https://land.copernicus.eu/en,registration,yes,"Copernicus Land Monitoring Service, European Environment Agency",topics/satellite-and-earth-observation/eu/dataset-03.json
european-environment-agency-datahub,European Environment Agency Datahub,satellite-and-earth-observation,eu,European Union,https://www.eea.europa.eu/en/datahub,"Environmental datasets on air quality, greenhouse gas emissions, water, biodiversity, noise and protected areas for all EEA member countries.",European Environment Agency,CSV; GeoPackage; REST API; SPARQL,Multi-TB,Hundreds of environmental datasets,"EEA open data policy, CC BY 4.0 for most datasets",https://www.eea.europa.eu/en/legal-notice,open,yes,European Environment Agency Datahub,topics/satellite-and-earth-observation/eu/dataset-04.json
esa-earth-online,ESA Earth Online,satellite-and-earth-observation,eu,European Union,https://earth.esa.int/eogateway,"ESA's catalogue of heritage and third-party mission data including ERS, Envisat, Proba and commercial missions available under research licences.",European Space Agency,GeoTIFF; HDF; NetCDF; SAFE,Petabyte-scale,Decades of Earth observation missions,ESA data policy; varies from free to project-restricted,https://earth.esa.int/eogateway,registration,check,"European Space Agency, Earth Online",topics/satellite-and-earth-observation/eu/dataset-05.json
jaxa-g-portal,JAXA G-Portal,satellite-and-earth-observation,jp,Japan,https://gportal.jaxa.jp/gpr/,"JAXA's earth observation data portal distributing GCOM, GPM, ALOS and GOSAT products covering land, ocean, precipitation and greenhouse gases.",Japan Aerospace Exploration Agency,HDF5; NetCDF; GeoTIFF,Petabyte-scale,Multiple missions with global coverage,"JAXA terms of use, free for research and commercial use with attribution",https://gportal.jaxa.jp/gpr/,registration,check,"Japan Aerospace Exploration Agency, G-Portal",topics/satellite-and-earth-observation/jp/dataset-01.json
jaxa-earth-api,JAXA Earth API,satellite-and-earth-observation,jp,Japan,https://data.earth.jaxa.jp/,"Analysis-ready JAXA earth observation datasets served through a modern API and Python client, with harmonised grids for land cover, temperature and vegetation.",Japan Aerospace Exploration Agency,REST API; GeoTIFF; Python client,Multi-TB,Dozens of harmonised global products,"JAXA terms of use, free with attribution",https://data.earth.jaxa.jp/,open,check,"JAXA Earth API, Japan Aerospace Exploration Agency",topics/satellite-and-earth-observation/jp/dataset-02.json
jaxa-alos-science-data,JAXA ALOS Science Data,satellite-and-earth-observation,jp,Japan,https://www.eorc.jaxa.jp/ALOS/en/,Products from the ALOS and ALOS-2 missions including the global 30-metre digital surface model and PALSAR L-band radar mosaics.,JAXA Earth Observation Research Center,GeoTIFF; CEOS; HDF,~500 TB,Global DSM and annual radar mosaics,Free for research with registration; commercial terms vary,https://www.eorc.jaxa.jp/ALOS/en/,registration,check,"JAXA EORC, ALOS and ALOS-2",topics/satellite-and-earth-observation/jp/dataset-03.json
himawari-geostationary-satellite-data,Himawari Geostationary Satellite Data,satellite-and-earth-observation,jp,Japan,https://www.data.jma.go.jp/mscweb/data/himawari/,Full-disk imagery from the Himawari geostationary satellites covering East Asia and the western Pacific at 10-minute intervals across 16 bands.,Japan Meteorological Agency,NetCDF; HSD; PNG,Petabyte-scale,Continuous imagery since 2015,"JMA terms of use, free reuse with attribution",https://www.jma.go.jp/jma/en/copyright.html,open,yes,"Japan Meteorological Agency, Himawari satellite data",topics/satellite-and-earth-observation/jp/dataset-04.json
tellus-satellite-data-platform,Tellus Satellite Data Platform,satellite-and-earth-observation,jp,Japan,https://www.tellusxdp.com/en/,"Japan's government-backed satellite data platform offering ALOS, ASNARO and Sentinel products with in-browser analysis and APIs.","Ministry of Economy, Trade and Industry and Sakura Internet",REST API; GeoTIFF; Jupyter,Multi-petabyte,Japanese and international mission archives,Tellus terms of use; free tier with registration,https://www.tellusxdp.com/en/,registration,check,"Tellus, METI and Sakura Internet",topics/satellite-and-earth-observation/jp/dataset-05.json
usgs-earthexplorer,USGS EarthExplorer,satellite-and-earth-observation,us,United States,https://earthexplorer.usgs.gov/,"The primary access point for the full Landsat archive plus aerial photography, digital elevation and declassified satellite imagery going back to 1972.",US Geological Survey,GeoTIFF; HDF; JPEG2000,Multiple petabytes,10 million+ Landsat scenes since 1972,US Government public domain,https://www.usgs.gov/information-policies-and-instructions/copyrights-and-credits,registration,yes,"US Geological Survey, EarthExplorer",topics/satellite-and-earth-observation/us/dataset-01.json
nasa-earthdata-search,NASA Earthdata Search,satellite-and-earth-observation,us,United States,https://search.earthdata.nasa.gov/,"Unified search and download across NASA's Earth science data centres covering atmosphere, land, ocean, cryosphere and human dimensions.",NASA,HDF; NetCDF; GeoTIFF; Zarr; STAC API,Tens of petabytes,"10,000+ data collections","NASA open data policy, free and open",https://www.earthdata.nasa.gov/engage/open-data-services-software-policies,registration,yes,NASA Earthdata,topics/satellite-and-earth-observation/us/dataset-02.json
landsat-collection-2-on-aws,Landsat Collection 2 on AWS,satellite-and-earth-observation,us,United States,https://registry.opendata.aws/usgs-landsat/,The full Landsat Collection 2 Level-1 and Level-2 archive staged in cloud object storage as cloud-optimised GeoTIFFs with a STAC catalogue.,USGS and AWS Open Data,COG; STAC; JSON,~2 PB,Full Landsat 1-9 archive,US Government public domain,https://www.usgs.gov/information-policies-and-instructions/copyrights-and-credits,open,yes,"USGS Landsat Collection 2, AWS Open Data Registry",topics/satellite-and-earth-observation/us/dataset-03.json
mrlc-national-land-cover-database,MRLC National Land Cover Database,satellite-and-earth-observation,us,United States,https://www.mrlc.gov/,"Thirty-metre land cover, impervious surface and tree canopy rasters for the United States, updated on a consistent classification scheme since 2001.",Multi-Resolution Land Characteristics Consortium,GeoTIFF; IMG,~100 GB,"Conterminous US coverage, multiple epochs",US Government public domain,https://www.mrlc.gov/,open,yes,"Multi-Resolution Land Characteristics Consortium, National Land Cover Database",topics/satellite-and-earth-observation/us/dataset-04.json
noaa-goes-satellite-imagery,NOAA GOES Satellite Imagery,satellite-and-earth-observation,us,United States,https://registry.opendata.aws/noaa-goes/,"Full-disk, continental and mesoscale imagery from the GOES-16 through GOES-19 geostationary satellites at up to 30-second refresh.",NOAA and AWS Open Data,NetCDF; COG,Petabyte-scale,Continuous imagery since 2017,US Government public domain,https://www.noaa.gov/information-technology/open-data-dissemination,open,yes,"NOAA GOES on AWS, NOAA Open Data Dissemination",topics/satellite-and-earth-observation/us/dataset-05.json
tfl-unified-api,TfL Unified API,taxi-and-ride-hailing,gb,United Kingdom,https://api-portal.tfl.gov.uk/,"Transport for London's single API covering journey planning, live arrivals, disruptions, cycle hire docking stations, road status and air quality.",Transport for London,REST API; JSON; XML,API,All London transport modes in real time,"TfL Open Data Licence, based on OGL",https://tfl.gov.uk/corporate/terms-and-conditions/transport-data-service,registration,yes,Transport for London Unified API,topics/taxi-and-ride-hailing/gb/dataset-01.json
tfl-open-data,TfL Open Data,taxi-and-ride-hailing,gb,United Kingdom,https://tfl.gov.uk/info-for/open-data-users/,"Bulk London transport datasets including cycle hire journeys, bus route sequences, station entry and exit counts, and taxi and private hire licensing.",Transport for London,CSV; XML; GTFS; Shapefile,Multi-GB,Millions of cycle hire journeys and station counts,"TfL Open Data Licence, based on OGL",https://tfl.gov.uk/corporate/terms-and-conditions/transport-data-service,open,yes,Transport for London Open Data,topics/taxi-and-ride-hailing/gb/dataset-02.json
dft-taxi-and-private-hire-vehicle-statistics,DfT Taxi and Private Hire Vehicle Statistics,taxi-and-ride-hailing,gb,United Kingdom,https://www.gov.uk/government/collections/taxi-statistics,"Licensed taxi and private hire vehicle and driver counts by licensing authority, with wheelchair accessibility and licensing policy detail.",Department for Transport,ODS; CSV,~100 MB,Biennial series covering all English licensing authorities,Open Government Licence v3.0,https://www.nationalarchives.gov.uk/doc/open-government-licence/version/3/,open,yes,"Department for Transport, Taxi and private hire vehicle statistics",topics/taxi-and-ride-hailing/gb/dataset-03.json
london-datastore,London Datastore,taxi-and-ride-hailing,gb,United Kingdom,https://data.london.gov.uk/,"The Greater London Authority's open data portal covering transport, housing, planning, demographics, economy and environment across the capital.",Greater London Authority,CSV; GeoJSON; XLSX; REST API,Multi-GB,700+ datasets,Open Government Licence v3.0 for most datasets,https://data.london.gov.uk/,open,check,"London Datastore, Greater London Authority",topics/taxi-and-ride-hailing/gb/dataset-04.json
naptan-national-public-transport-access-nodes,NaPTAN National Public Transport Access Nodes,taxi-and-ride-hailing,gb,United Kingdom,https://beta-naptan.dft.gov.uk/,"The national register of every public transport access point in Great Britain, including bus stops, rail stations, taxi ranks and ferry terminals with coordinates.",Department for Transport,CSV; XML; GeoJSON,~500 MB,"435,000+ access nodes",Open Government Licence v3.0,https://www.nationalarchives.gov.uk/doc/open-government-licence/version/3/,open,yes,"Department for Transport, NaPTAN",topics/taxi-and-ride-hailing/gb/dataset-05.json
lta-datamall,LTA DataMall,taxi-and-ride-hailing,sg,Singapore,https://datamall.lta.gov.sg/content/datamall/en.html,"Singapore's transport data platform with real-time taxi availability, bus arrivals, traffic incidents, carpark availability, ERP rates and passenger volumes.",Land Transport Authority,REST API; JSON; CSV; Shapefile,Varies by API,60+ real-time and static datasets,Singapore Open Data Licence,https://datamall.lta.gov.sg/content/datamall/en/SingaporeOpenDataLicence.html,registration,yes,"Land Transport Authority, LTA DataMall",topics/taxi-and-ride-hailing/sg/dataset-01.json
data-gov-sg,data.gov.sg,taxi-and-ride-hailing,sg,Singapore,https://data.gov.sg/,"Singapore's central open data portal covering transport, housing, economy, environment and population, with a consistent API across datasets.",Government Technology Agency of Singapore,CSV; JSON; GeoJSON; REST API,Varies by dataset,"3,000+ datasets",Singapore Open Data Licence 1.0,https://data.gov.sg/open-data-licence,open,yes,"data.gov.sg, Government of Singapore",topics/taxi-and-ride-hailing/sg/dataset-02.json
lta-statistics-in-brief,LTA Statistics in Brief,taxi-and-ride-hailing,sg,Singapore,https://www.lta.gov.sg/content/ltagov/en/who_we_are/statistics_and_publications/statistics.html,"Annual transport statistics covering taxi and private hire fleet size, vehicle population, public transport ridership and road network length.",Land Transport Authority,PDF; XLSX; CSV,~100 MB,Annual series with historical tables,Singapore Open Data Licence,https://data.gov.sg/open-data-licence,open,yes,"Land Transport Authority, Statistics in Brief",topics/taxi-and-ride-hailing/sg/dataset-03.json
onemap-api,OneMap API,taxi-and-ride-hailing,sg,Singapore,https://www.onemap.gov.sg/apidocs/,"Singapore's authoritative mapping API providing geocoding, routing, planning-area boundaries, population queries and themed map layers.",Singapore Land Authority,REST API; JSON; GeoJSON,API,National address and boundary coverage,Singapore Open Data Licence with SLA attribution,https://www.onemap.gov.sg/legal/opendatalicence.html,registration,yes,"OneMap, Singapore Land Authority",topics/taxi-and-ride-hailing/sg/dataset-04.json
singapore-department-of-statistics-tablebuilder,Singapore Department of Statistics Tablebuilder,taxi-and-ride-hailing,sg,Singapore,https://tablebuilder.singstat.gov.sg/,"Official statistics tables covering transport expenditure, household vehicle ownership, population and economic indicators, with an open API.",Department of Statistics Singapore,REST API; CSV; XLSX,Varies by table,Thousands of statistical tables,Singapore Open Data Licence,https://www.singstat.gov.sg/terms-of-use,open,yes,"Department of Statistics Singapore, SingStat Table Builder",topics/taxi-and-ride-hailing/sg/dataset-05.json
nyc-tlc-trip-record-data,NYC TLC Trip Record Data,taxi-and-ride-hailing,us,United States,https://www.nyc.gov/site/tlc/about/tlc-trip-record-data.page,"Every yellow taxi, green taxi and high-volume for-hire trip in New York City since 2009, with timestamps, pickup and dropoff zones, distance and fare breakdown.",NYC Taxi and Limousine Commission,Parquet,~50 GB,Billions of trips since 2009,NYC Open Data Terms of Use,https://www.nyc.gov/home/terms-of-use.page,open,yes,"NYC Taxi and Limousine Commission, TLC Trip Record Data",topics/taxi-and-ride-hailing/us/dataset-01.json
chicago-taxi-trips,Chicago Taxi Trips,taxi-and-ride-hailing,us,United States,https://data.cityofchicago.org/Transportation/Taxi-Trips-2013-2023-/wrvz-psew,"Reported Chicago taxi trips with anonymised taxi identifier, timestamps, census tract, fare, tips, tolls and payment type.",City of Chicago,CSV; JSON; REST API,~40 GB,200 million+ trips,City of Chicago open data terms,https://www.chicago.gov/city/en/narr/foia/data_disclaimer.html,open,yes,"Chicago Data Portal, Taxi Trips",topics/taxi-and-ride-hailing/us/dataset-02.json
chicago-transportation-network-providers-trips,Chicago Transportation Network Providers Trips,taxi-and-ride-hailing,us,United States,https://data.cityofchicago.org/Transportation/Transportation-Network-Providers-Trips-2023-/n26f-ihde,"Ride-hailing trips reported by Uber, Lyft and Via in Chicago with pickup and dropoff tracts, fare, tip, shared-trip flag and trip duration.",City of Chicago,CSV; JSON; REST API,~50 GB,300 million+ ride-hailing trips,City of Chicago open data terms,https://www.chicago.gov/city/en/narr/foia/data_disclaimer.html,open,yes,"Chicago Data Portal, Transportation Network Providers Trips",topics/taxi-and-ride-hailing/us/dataset-03.json
nyc-tlc-licensed-vehicles-and-drivers,NYC TLC Licensed Vehicles and Drivers,taxi-and-ride-hailing,us,United States,https://data.cityofnewyork.us/Transportation/TLC-Vehicle-Licenses/pkmi-4kfn,"The register of licensed for-hire vehicles and medallions with base affiliation, vehicle type, wheelchair accessibility and licence expiry.",NYC Taxi and Limousine Commission,CSV; JSON; REST API,~500 MB,"100,000+ licensed vehicles",NYC Open Data Terms of Use,https://opendata.cityofnewyork.us/overview/,open,yes,"NYC Open Data, TLC Vehicle Licenses",topics/taxi-and-ride-hailing/us/dataset-04.json
sfmta-and-datasf-mobility-data,SFMTA and DataSF Mobility Data,taxi-and-ride-hailing,us,United States,https://datasf.org/opendata/,"San Francisco open data covering taxi trips, parking, curb regulations, scooter permits and transit performance.",City and County of San Francisco,CSV; GeoJSON; REST API,Varies by dataset,600+ published datasets,"San Francisco open data terms, public domain",https://datasf.org/opendata/,open,yes,"DataSF, San Francisco Open Data",topics/taxi-and-ride-hailing/us/dataset-05.json
ofcom-connected-nations,Ofcom Connected Nations,telecom-and-broadband,gb,United Kingdom,https://www.ofcom.org.uk/research-and-data/multi-sector-research/infrastructure-research,"Postcode-level fixed broadband and mobile coverage reporting by technology and speed band, published twice a year with underlying open data files.",Ofcom,CSV; XLSX,~5 GB,"All UK postcodes, biannual since 2013",Open Government Licence v3.0,https://www.nationalarchives.gov.uk/doc/open-government-licence/version/3/,open,yes,"Ofcom, Connected Nations",topics/telecom-and-broadband/gb/dataset-01.json
ofcom-data-and-research,Ofcom Data and Research,telecom-and-broadband,gb,United Kingdom,https://www.ofcom.org.uk/research-and-data,"Communications market research covering telecoms, broadcasting, post and online, including consumer usage, pricing and market share statistics.",Ofcom,CSV; XLSX; PDF,Varies by publication,Hundreds of research outputs,Open Government Licence v3.0,https://www.nationalarchives.gov.uk/doc/open-government-licence/version/3/,open,yes,Ofcom research and data,topics/telecom-and-broadband/gb/dataset-02.json
ofcom-spectrum-information-system,Ofcom Spectrum Information System,telecom-and-broadband,gb,United Kingdom,https://www.ofcom.org.uk/spectrum/frequencies/spectrum-information-portal,"Register of UK spectrum licences and transmitter sites with frequency, location, power and licensee, including the wireless telegraphy register.",Ofcom,CSV; XLSX; Web,~2 GB,Hundreds of thousands of licence records,Open Government Licence v3.0,https://www.nationalarchives.gov.uk/doc/open-government-licence/version/3/,open,yes,Ofcom Spectrum Information System,topics/telecom-and-broadband/gb/dataset-03.json
ons-internet-access-and-usage,ONS Internet Access and Usage,telecom-and-broadband,gb,United Kingdom,https://www.ons.gov.uk/businessindustryandtrade/itandinternetindustry,"Official statistics on household internet access, e-commerce activity, digital skills and ICT use by businesses.",Office for National Statistics,CSV; XLSX,Varies by series,Annual series,Open Government Licence v3.0,https://www.nationalarchives.gov.uk/doc/open-government-licence/version/3/,open,yes,"Office for National Statistics, IT and internet industry",topics/telecom-and-broadband/gb/dataset-04.json
ripe-atlas-measurements,RIPE Atlas Measurements,telecom-and-broadband,gb,United Kingdom,https://atlas.ripe.net/,"Global network of hardware and software probes running continuous ping, traceroute, DNS and TLS measurements, with strong UK and European coverage and full API access.",RIPE NCC,REST API; JSON,TB-scale archive,"12,000+ active probes worldwide",CC BY-SA 4.0 for measurement results,https://atlas.ripe.net/legal/terms-conditions/,registration,yes,"RIPE NCC, RIPE Atlas",topics/telecom-and-broadband/gb/dataset-05.json
trai-performance-indicator-reports,TRAI Performance Indicator Reports,telecom-and-broadband,in,India,https://www.trai.gov.in/,"Quarterly telecom subscriber counts, teledensity, broadband penetration, ARPU, minutes of use and internet subscriber breakdowns by circle and operator.",Telecom Regulatory Authority of India,PDF; XLSX; CSV,~2 GB,Quarterly series from 2005,Government Open Data License - India,https://www.data.gov.in/government-open-data-license-india,open,yes,"Telecom Regulatory Authority of India, Performance Indicator Reports",topics/telecom-and-broadband/in/dataset-01.json
trai-myspeed-analytics,TRAI MySpeed Analytics,telecom-and-broadband,in,India,https://myspeed.trai.gov.in/,"Crowd-sourced mobile broadband speed measurements from the regulator's app, reporting download, upload and latency by operator, technology and state.",Telecom Regulatory Authority of India,CSV; Web dashboard,~5 GB,Millions of speed tests since 2016,Government Open Data License - India,https://www.data.gov.in/government-open-data-license-india,open,yes,TRAI MySpeed portal,topics/telecom-and-broadband/in/dataset-02.json
data-gov-in-communication-sector,data.gov.in Communication Sector,telecom-and-broadband,in,India,https://www.data.gov.in/sector/communication,"Open government catalogue of telecom datasets covering subscriber bases, spectrum allocation, tower infrastructure, rural connectivity and postal services.",National Informatics Centre,CSV; XLSX; JSON; REST API,Varies by resource,"1,500+ communication resources",Government Open Data License - India,https://www.data.gov.in/government-open-data-license-india,open,yes,Open Government Data Platform India,topics/telecom-and-broadband/in/dataset-03.json
department-of-telecommunications-annual-report,Department of Telecommunications Annual Report,telecom-and-broadband,in,India,https://dot.gov.in/reportsstatistics,"National telecom statistics on network expansion, BharatNet rural fibre rollout, spectrum auctions, licensing and universal service obligation funding.",Department of Telecommunications,PDF; XLSX,~1 GB,Annual reports with state-level infrastructure tables,Government Open Data License - India,https://www.data.gov.in/government-open-data-license-india,open,yes,"Department of Telecommunications, Ministry of Communications",topics/telecom-and-broadband/in/dataset-04.json
meity-digital-india-statistics,MeitY Digital India Statistics,telecom-and-broadband,in,India,https://www.meity.gov.in/,"Digital infrastructure and adoption statistics covering common service centres, digital payments volumes, internet penetration and electronics manufacturing.",Ministry of Electronics and Information Technology,PDF; XLSX; Web dashboard,Varies by report,National and state-level digital adoption series,Government Open Data License - India,https://www.data.gov.in/government-open-data-license-india,open,yes,"Ministry of Electronics and Information Technology, Government of India",topics/telecom-and-broadband/in/dataset-05.json
fcc-national-broadband-map,FCC National Broadband Map,telecom-and-broadband,us,United States,https://broadbandmap.fcc.gov/,"Location-level reported availability of fixed and mobile broadband by provider, technology and advertised speed, with challenge-process corrections.",Federal Communications Commission,CSV; GeoPackage; REST API,~100 GB,114 million+ serviceable locations,US Government public domain,https://www.fcc.gov/,registration,yes,FCC National Broadband Map,topics/telecom-and-broadband/us/dataset-01.json
fcc-measuring-broadband-america,FCC Measuring Broadband America,telecom-and-broadband,us,United States,https://www.fcc.gov/general/measuring-broadband-america,"Panel measurements of actual delivered speed, latency, packet loss and web loading time from instrumented home routers across major ISPs.",Federal Communications Commission,CSV; SQL,~50 GB,Millions of measurements per year since 2011,US Government public domain,https://www.fcc.gov/,open,yes,FCC Measuring Broadband America,topics/telecom-and-broadband/us/dataset-02.json
m-lab-open-internet-measurement-data,M-Lab Open Internet Measurement Data,telecom-and-broadband,us,United States,https://www.measurementlab.net/data/,"The largest open collection of internet performance tests, with per-test throughput, latency and traceroute data queryable in BigQuery.",Measurement Lab,BigQuery; JSON; Parquet,Petabyte-scale,Billions of tests since 2009,CC BY-SA 4.0,https://www.measurementlab.net/data/,open,yes,"Measurement Lab, M-Lab open data",topics/telecom-and-broadband/us/dataset-03.json
fcc-universal-licensing-system,FCC Universal Licensing System,telecom-and-broadband,us,United States,https://www.fcc.gov/wireless/systems-utilities/universal-licensing-system,"The authoritative register of US wireless spectrum licences with licensee, frequency, geography, expiry and transaction history.",Federal Communications Commission,Fixed-width; CSV; ZIP,~20 GB,Millions of active and historical licences,US Government public domain,https://www.fcc.gov/,open,yes,FCC Universal Licensing System,topics/telecom-and-broadband/us/dataset-04.json
ookla-open-data,Ookla Open Data,telecom-and-broadband,us,United States,https://registry.opendata.aws/speedtest-global-performance/,"Quarterly aggregated fixed and mobile speed test results tiled to web mercator zoom level 16, giving global download, upload and latency coverage.",Ookla,Parquet; Shapefile,~50 GB,"Global tiles, quarterly since 2019",CC BY-NC-SA 4.0,https://github.com/teamookla/ookla-open-data,open,no,Ookla Speedtest Global Performance open data,topics/telecom-and-broadband/us/dataset-05.json
ine-tourism-statistics,INE Tourism Statistics,tourism-and-hospitality,es,Spain,https://www.ine.es/dyngs/INEbase/en/categoria.htm?c=Estadistica_P&cid=1254735576863,"Official Spanish tourism statistics covering visitor arrivals, tourist expenditure, hotel occupancy, rural and campsite accommodation by province.",Instituto Nacional de Estadística,CSV; XLSX; JSON; REST API,Multi-GB,Monthly series by province and country of origin,Free reuse with attribution to INE,https://www.ine.es/ss/Satellite?L=en_GB&c=Page&cid=1254735849170&p=1254735849170&pagename=Ayuda%2FINELayout,open,yes,"Instituto Nacional de Estadística, Spain",topics/tourism-and-hospitality/es/dataset-01.json
datos-gob-es,datos.gob.es,tourism-and-hospitality,es,Spain,https://datos.gob.es/en,"Spain's national open data catalogue aggregating datasets from central, regional and municipal government, including tourism, transport and environment.",Government of Spain,CSV; JSON; XML; RDF; REST API,Varies by dataset,"80,000+ datasets",Varies; commonly CC BY 4.0,https://datos.gob.es/en,open,check,"datos.gob.es, Government of Spain",topics/tourism-and-hospitality/es/dataset-02.json
inside-airbnb-spain-cities,Inside Airbnb Spain Cities,tourism-and-hospitality,es,Spain,https://insideairbnb.com/get-the-data/,"Scraped and cleaned snapshots of Airbnb listings for Barcelona, Madrid, Mallorca, Seville, Valencia and other cities, with price, availability, reviews and geography.",Inside Airbnb,CSV; GeoJSON,~10 GB across cities,Millions of listing snapshots worldwide,CC0 1.0,https://insideairbnb.com/data-policies/,open,yes,"Inside Airbnb, http://insideairbnb.com/",topics/tourism-and-hospitality/es/dataset-03.json
eurostat-tourism-database,Eurostat Tourism Database,tourism-and-hospitality,es,Spain,https://ec.europa.eu/eurostat/web/tourism/database,"Harmonised European tourism statistics covering nights spent, occupancy, capacity and trips, comparable across all member states including Spain.",Eurostat,TSV; SDMX; REST API,~5 GB,Monthly and annual series for all EU countries,"Eurostat reuse policy, free with attribution",https://ec.europa.eu/eurostat/web/main/help/copyright-notice,open,yes,"Eurostat, tourism statistics",topics/tourism-and-hospitality/es/dataset-04.json
aemet-opendata,AEMET OpenData,tourism-and-hospitality,es,Spain,https://www.aemet.es/en/datos_abiertos/AEMET_OpenData,"Spanish meteorological agency open data with station observations, forecasts, beach and mountain conditions, widely combined with tourism demand modelling.",Agencia Estatal de Meteorología,REST API; JSON; CSV,Varies by product,"Hundreds of stations, continuous updates","AEMET reuse licence, attribution required",https://www.aemet.es/en/nota_legal,registration,yes,"Agencia Estatal de Meteorología, AEMET OpenData",topics/tourism-and-hospitality/es/dataset-05.json
japan-tourism-statistics,Japan Tourism Statistics,tourism-and-hospitality,jp,Japan,https://statistics.jnto.go.jp/en/,"Monthly inbound visitor arrivals and outbound departures by nationality, purpose of visit and port of entry, with historical series back to 1964.",Japan National Tourism Organization,XLSX; CSV; PDF,~500 MB,Monthly series from 1964,Free reuse with attribution to JNTO,https://statistics.jnto.go.jp/en/,open,yes,"Japan National Tourism Organization, Japan Tourism Statistics",topics/tourism-and-hospitality/jp/dataset-01.json
japan-tourism-agency-statistics,Japan Tourism Agency Statistics,tourism-and-hospitality,jp,Japan,https://www.mlit.go.jp/kankocho/en/siryou/toukei/index.html,"Official surveys of accommodation occupancy, inbound traveller consumption, domestic travel spending and regional visitor distribution.",Japan Tourism Agency,XLSX; CSV; PDF,~1 GB,Quarterly and monthly national surveys,"Japan Government Standard Terms of Use, CC BY compatible",https://www.mlit.go.jp/en/,open,yes,"Japan Tourism Agency, Ministry of Land, Infrastructure, Transport and Tourism",topics/tourism-and-hospitality/jp/dataset-02.json
e-stat-tourism-and-accommodation-tables,e-Stat Tourism and Accommodation Tables,tourism-and-hospitality,jp,Japan,https://www.e-stat.go.jp/en/stat-search,"Japan's unified statistics portal search covering accommodation surveys, prefecture-level visitor counts and hospitality industry economics, with a documented API.",Statistics Bureau of Japan,CSV; XLSX; REST API,Varies by table,Hundreds of thousands of statistical tables,"Japan Government Standard Terms of Use, CC BY compatible",https://www.e-stat.go.jp/en/terms-of-use,registration,yes,"e-Stat, Statistics Bureau of Japan",topics/tourism-and-hospitality/jp/dataset-03.json
japan-meteorological-agency-climate-data,Japan Meteorological Agency Climate Data,tourism-and-hospitality,jp,Japan,https://www.data.jma.go.jp/stats/etrn/index.php,"Historical temperature, rainfall, snow depth and sunshine observations by station, widely joined against tourism demand and seasonality analysis.",Japan Meteorological Agency,CSV; Web,Multi-GB,"1,300+ AMeDAS stations with long historical series","JMA terms of use, free reuse with attribution",https://www.jma.go.jp/jma/en/copyright.html,open,yes,"Japan Meteorological Agency, Climate Statistics",topics/tourism-and-hospitality/jp/dataset-04.json
japan-open-data-portal,Japan Open Data Portal,tourism-and-hospitality,jp,Japan,https://www.data.go.jp/,"The national open data catalogue aggregating datasets from every ministry and many prefectures, including tourism, transport and regional economy data.","Digital Agency, Government of Japan",CSV; XLSX; JSON; REST API,Varies by dataset,"30,000+ datasets","Japan Government Standard Terms of Use, CC BY compatible",https://www.data.go.jp/,open,yes,"data.go.jp, Digital Agency, Government of Japan",topics/tourism-and-hospitality/jp/dataset-05.json
national-travel-and-tourism-office-data,National Travel and Tourism Office Data,tourism-and-hospitality,us,United States,https://www.trade.gov/national-travel-and-tourism-office,"Official statistics on international visitor arrivals to the US, traveller characteristics, spending and outbound US travel by destination.",International Trade Administration,CSV; XLSX; REST API,~1 GB,Monthly arrival and spending series,US Government public domain,https://www.trade.gov/,open,yes,"National Travel and Tourism Office, International Trade Administration",topics/tourism-and-hospitality/us/dataset-01.json
bea-travel-and-tourism-satellite-accounts,BEA Travel and Tourism Satellite Accounts,tourism-and-hospitality,us,United States,https://www.bea.gov/data/special-topics/travel-and-tourism,"Economic accounts isolating tourism's contribution to GDP, employment and output by commodity and industry, consistent with the national accounts.",Bureau of Economic Analysis,CSV; XLSX; REST API,~500 MB,Quarterly and annual series from 1998,US Government public domain,https://www.bea.gov/,open,yes,"Bureau of Economic Analysis, Travel and Tourism Satellite Accounts",topics/tourism-and-hospitality/us/dataset-02.json
national-park-service-visitor-use-statistics,National Park Service Visitor Use Statistics,tourism-and-hospitality,us,United States,https://irma.nps.gov/Stats/,"Monthly recreation visits, overnight stays and traffic counts for every unit of the National Park System, going back to 1904 for some parks.",National Park Service,CSV; XLSX; REST API,~500 MB,400+ park units with monthly series,US Government public domain,https://www.nps.gov/aboutus/disclaimer.htm,open,yes,"National Park Service, Visitor Use Statistics",topics/tourism-and-hospitality/us/dataset-03.json
inside-airbnb-us-cities,Inside Airbnb US Cities,tourism-and-hospitality,us,United States,https://insideairbnb.com/get-the-data/,"Listing-level snapshots for New York, Los Angeles, Chicago, Austin and other US markets with nightly price, minimum stay, host portfolio size and review history.",Inside Airbnb,CSV; GeoJSON,~10 GB across cities,Millions of listing snapshots,CC0 1.0,https://insideairbnb.com/data-policies/,open,yes,"Inside Airbnb, http://insideairbnb.com/",topics/tourism-and-hospitality/us/dataset-04.json
bts-airline-origin-and-destination-survey,BTS Airline Origin and Destination Survey,tourism-and-hospitality,us,United States,https://www.transtats.bts.gov/,"A 10 percent sample of airline tickets with itinerary, fare, carrier and coupon detail, the standard source for US air travel demand and pricing research.",Bureau of Transportation Statistics,CSV; ZIP,~50 GB,Quarterly samples since 1993,US Government public domain,https://www.bts.gov/,open,yes,"Bureau of Transportation Statistics, Airline Origin and Destination Survey (DB1B)",topics/tourism-and-hospitality/us/dataset-05.json
eurostat-comext,Eurostat Comext,trade-and-customs,eu,European Union,https://ec.europa.eu/eurostat/web/international-trade-in-goods,"Detailed EU external and intra-EU trade in goods by product code, partner country, member state and transport mode, at monthly frequency.",Eurostat,TSV; SDMX; REST API; CSV,~500 GB,Billions of trade flow records since 1988,"Eurostat reuse policy, free with attribution",https://ec.europa.eu/eurostat/web/main/help/copyright-notice,open,yes,"Eurostat, Comext international trade in goods database",topics/trade-and-customs/eu/dataset-01.json
eu-customs-tariff-taric,EU Customs Tariff (TARIC),trade-and-customs,eu,European Union,https://taxation-customs.ec.europa.eu/customs-4/calculation-customs-duties/customs-tariff/eu-customs-tariff-taric_en,"The integrated tariff of the European Union with duty rates, quotas, suspensions, anti-dumping measures and prohibitions by commodity code and origin.",European Commission Directorate-General for Taxation and Customs Union,XML; REST API; Web,~10 GB,"20,000+ commodity codes with daily measure updates","European Commission reuse decision, free with attribution",https://taxation-customs.ec.europa.eu/,open,yes,"European Commission, TARIC integrated tariff",topics/trade-and-customs/eu/dataset-02.json
access2markets,Access2Markets,trade-and-customs,eu,European Union,https://trade.ec.europa.eu/access-to-markets/en/home,"Tariffs, rules of origin, trade barriers, statistics and procedures for exporting from and importing into the EU, searchable by product and market.",European Commission Directorate-General for Trade,Web; REST API; CSV,Varies by query,Coverage of 120+ export markets,"European Commission reuse decision, free with attribution",https://trade.ec.europa.eu/access-to-markets/en/home,open,yes,"European Commission, Access2Markets",topics/trade-and-customs/eu/dataset-03.json
wto-stats,WTO Stats,trade-and-customs,eu,European Union,https://stats.wto.org/,"Global merchandise and services trade statistics, tariff profiles and trade policy indicators for all WTO members, with a documented API.",World Trade Organization,CSV; REST API; XLSX,~50 GB,Annual and quarterly series from 1948,"WTO terms of use, free with attribution",https://www.wto.org/english/info_e/cpyrit_e.htm,open,check,"World Trade Organization, WTO Stats",topics/trade-and-customs/eu/dataset-04.json
eu-trade-defence-measures,EU Trade Defence Measures,trade-and-customs,eu,European Union,https://tron.trade.ec.europa.eu/investigations/,"Register of EU anti-dumping, anti-subsidy and safeguard investigations and measures, with product scope, countries concerned and duty levels.",European Commission Directorate-General for Trade,Web; PDF; CSV,~2 GB,Hundreds of active and historical cases,"European Commission reuse decision, free with attribution",https://trade.ec.europa.eu/,open,yes,"European Commission, Trade defence investigations",topics/trade-and-customs/eu/dataset-05.json
ministry-of-commerce-export-import-data-bank,Ministry of Commerce Export Import Data Bank,trade-and-customs,in,India,https://tradestat.commerce.gov.in/,"Official Indian merchandise trade statistics queryable by commodity, country, port and time period, with HS-level detail.",Ministry of Commerce and Industry,XLSX; CSV; Web query,Multi-GB,Monthly HS-level trade data since 1996,Government Open Data License - India,https://www.data.gov.in/government-open-data-license-india,open,yes,"Department of Commerce, Export Import Data Bank, Government of India",topics/trade-and-customs/in/dataset-01.json
indian-customs-icegate,Indian Customs ICEGATE,trade-and-customs,in,India,https://www.icegate.gov.in/,"Customs electronic gateway providing tariff enquiry, exchange rate notifications, trade guides and consignment tracking for Indian imports and exports.",Central Board of Indirect Taxes and Customs,Web; PDF; REST API,Varies by service,National customs coverage,Government terms of use,https://www.icegate.gov.in/,registration,check,"ICEGATE, Central Board of Indirect Taxes and Customs",topics/trade-and-customs/in/dataset-02.json
dgft-trade-notifications-and-data,DGFT Trade Notifications and Data,trade-and-customs,in,India,https://www.dgft.gov.in/CP/,"Foreign trade policy, export incentive schemes, import and export licensing data and the ITC-HS commodity classification schedules.",Directorate General of Foreign Trade,PDF; XLSX; Web,~2 GB,Policy and licensing records,Government Open Data License - India,https://www.data.gov.in/government-open-data-license-india,open,yes,"Directorate General of Foreign Trade, Ministry of Commerce and Industry",topics/trade-and-customs/in/dataset-03.json
rbi-balance-of-payments-and-trade-statistics,RBI Balance of Payments and Trade Statistics,trade-and-customs,in,India,https://data.rbi.org.in/,"Central bank statistics on merchandise and invisible trade, balance of payments, external debt and foreign investment flows.",Reserve Bank of India,CSV; XLSX; Web query,Multi-GB,Quarterly and annual series since 1949,Free reuse with attribution to RBI,https://www.rbi.org.in/Scripts/Copyright.aspx,open,yes,"Reserve Bank of India, Database on Indian Economy",topics/trade-and-customs/in/dataset-04.json
world-integrated-trade-solution,World Integrated Trade Solution,trade-and-customs,in,India,https://wits.worldbank.org/,"Combined trade, tariff and non-tariff measure data for India and 200 other economies, drawing on Comtrade, TRAINS and WTO sources.","World Bank, UNCTAD and WTO",CSV; REST API; XLSX,~100 GB,Trade and tariff data from 1988,World Bank terms of use; CC BY 4.0 for most content,https://wits.worldbank.org/,registration,check,"World Integrated Trade Solution (WITS), World Bank",topics/trade-and-customs/in/dataset-05.json
census-usa-trade-online-and-api,Census USA Trade Online and API,trade-and-customs,us,United States,https://www.census.gov/foreign-trade/data/index.html,"Official US merchandise import and export statistics by commodity, country, district and port at monthly frequency.",US Census Bureau,CSV; REST API; XLSX,~50 GB,Monthly detail by HS10 commodity since 1992,US Government public domain,https://www.census.gov/about/policies/open-gov.html,open,yes,"US Census Bureau, Foreign Trade Statistics",topics/trade-and-customs/us/dataset-01.json
usitc-dataweb,USITC DataWeb,trade-and-customs,us,United States,https://dataweb.usitc.gov/,"Query interface over US trade and tariff data with import, export, tariff rate and trade balance detail, plus the Harmonized Tariff Schedule.",US International Trade Commission,CSV; XLSX; REST API,Multi-GB,Trade data from 1989 onward,US Government public domain,https://www.usitc.gov/,registration,yes,"US International Trade Commission, DataWeb",topics/trade-and-customs/us/dataset-02.json
cbp-trade-statistics,CBP Trade Statistics,trade-and-customs,us,United States,https://www.cbp.gov/newsroom/stats,"Border and port operational statistics covering cargo volumes, entries processed, seizures and traveller crossings.",US Customs and Border Protection,CSV; XLSX; Dashboard,~1 GB,Monthly series by port of entry,US Government public domain,https://www.cbp.gov/,open,yes,"US Customs and Border Protection, Newsroom Statistics",topics/trade-and-customs/us/dataset-03.json
bts-border-crossing-entry-data,BTS Border Crossing Entry Data,trade-and-customs,us,United States,https://www.bts.gov/browse-statistical-products-and-data/border-crossing-data/border-crossingentry-data,"Monthly counts of vehicles, containers, passengers and pedestrians entering the US at Canadian and Mexican border ports.",Bureau of Transportation Statistics,CSV; REST API,~200 MB,Monthly series by port since 1996,US Government public domain,https://www.bts.gov/,open,yes,"Bureau of Transportation Statistics, Border Crossing/Entry Data",topics/trade-and-customs/us/dataset-04.json
un-comtrade,UN Comtrade,trade-and-customs,us,United States,https://comtradeplus.un.org/,"The global reference database of bilateral merchandise and services trade flows reported by nearly every country, harmonised to HS and SITC classifications.",United Nations Statistics Division,CSV; REST API; JSON,~1 TB,5 billion+ trade records since 1962,"UN Comtrade terms; free tier with limits, premium for bulk",https://comtradeplus.un.org/,registration,check,United Nations Comtrade Database,topics/trade-and-customs/us/dataset-05.json
dft-vehicle-licensing-statistics,DfT Vehicle Licensing Statistics,vehicles-and-car-sales,gb,United Kingdom,https://www.gov.uk/government/statistical-data-sets/all-vehicles-veh01,"Quarterly counts of licensed and registered vehicles in Great Britain broken down by body type, fuel, make, model, keepership and local authority.",Department for Transport and DVLA,ODS; CSV,~2 GB,Quarterly series from 1994,Open Government Licence v3.0,https://www.nationalarchives.gov.uk/doc/open-government-licence/version/3/,open,yes,"Department for Transport, Vehicle Licensing Statistics",topics/vehicles-and-car-sales/gb/dataset-01.json
dvla-developer-portal,DVLA Developer Portal,vehicles-and-car-sales,gb,United Kingdom,https://developer-portal.driver-vehicle-licensing.api.gov.uk/,"Official APIs for vehicle enquiry and MOT history, returning make, model, fuel type, tax and MOT status from a registration number.",Driver and Vehicle Licensing Agency,REST API; JSON,API,40 million+ licensed vehicles,Open Government Licence v3.0 with API terms,https://developer-portal.driver-vehicle-licensing.api.gov.uk/,registration,yes,DVLA Developer Portal,topics/vehicles-and-car-sales/gb/dataset-02.json
vca-car-fuel-and-emissions-data,VCA Car Fuel and Emissions Data,vehicles-and-car-sales,gb,United Kingdom,https://carfueldata.vehicle-certification-agency.gov.uk/,"Official type-approval fuel consumption and CO2, NOx and particulate emissions figures for every new car model sold in the UK.",Vehicle Certification Agency,CSV; XLSX,~100 MB,Model-level data from 2000,Open Government Licence v3.0,https://www.nationalarchives.gov.uk/doc/open-government-licence/version/3/,open,yes,"Vehicle Certification Agency, Car Fuel Data",topics/vehicles-and-car-sales/gb/dataset-03.json
electric-vehicle-charging-device-statistics,Electric Vehicle Charging Device Statistics,vehicles-and-car-sales,gb,United Kingdom,https://www.gov.uk/government/collections/electric-vehicle-charging-infrastructure-statistics,"Quarterly counts of public electric vehicle charging devices by local authority, speed rating and devices per head of population.",Department for Transport,ODS; CSV,~50 MB,Quarterly series by local authority since 2019,Open Government Licence v3.0,https://www.nationalarchives.gov.uk/doc/open-government-licence/version/3/,open,yes,"Department for Transport, Electric Vehicle Charging Device Statistics",topics/vehicles-and-car-sales/gb/dataset-04.json
smmt-vehicle-data,SMMT Vehicle Data,vehicles-and-car-sales,gb,United Kingdom,https://www.smmt.co.uk/vehicle-data/,"Industry-body registration and production figures for UK cars, vans, trucks and buses, broken down by manufacturer, model and fuel type.",Society of Motor Manufacturers and Traders,XLSX; PDF; Web,Small tabular files,Monthly and annual series by segment,Free for reference; redistribution requires permission,https://www.smmt.co.uk/,open,no,"Society of Motor Manufacturers and Traders, Vehicle Data",topics/vehicles-and-car-sales/gb/dataset-05.json
vahan-dashboard,Vahan Dashboard,vehicles-and-car-sales,in,India,https://vahan.parivahan.gov.in/vahan4dashboard/,"Live national vehicle registration counts sliceable by state, RTO, maker, fuel type and vehicle class, sourced from the registration system itself.",Ministry of Road Transport and Highways,Web dashboard; XLSX,Varies by query,350 million+ registered vehicles,Government Open Data License - India,https://www.data.gov.in/government-open-data-license-india,open,yes,"Vahan Dashboard, Ministry of Road Transport and Highways",topics/vehicles-and-car-sales/in/dataset-01.json
data-gov-in-transport-sector,data.gov.in Transport Sector,vehicles-and-car-sales,in,India,https://www.data.gov.in/sector/transport,"Open government catalogue of transport datasets covering registered vehicles by category, permits, driving licences and state transport undertakings.",National Informatics Centre,CSV; XLSX; JSON; REST API,Varies by resource,"3,000+ transport resources",Government Open Data License - India,https://www.data.gov.in/government-open-data-license-india,open,yes,Open Government Data Platform India,topics/vehicles-and-car-sales/in/dataset-02.json
morth-road-transport-year-book,MoRTH Road Transport Year Book,vehicles-and-car-sales,in,India,https://morth.nic.in/road-transport-year-books,"Annual national compendium of registered motor vehicles by state and category, along with fleet composition and transport revenue.",Ministry of Road Transport and Highways,PDF; XLSX,~50 MB per edition,Annual editions with state-level tables,Government Open Data License - India,https://www.data.gov.in/government-open-data-license-india,open,yes,MoRTH Road Transport Year Book,topics/vehicles-and-car-sales/in/dataset-03.json
siam-industry-statistics,SIAM Industry Statistics,vehicles-and-car-sales,in,India,https://www.siam.in/statistics.aspx,"Industry-body figures for domestic sales, production and exports of passenger vehicles, two-wheelers, three-wheelers and commercial vehicles.",Society of Indian Automobile Manufacturers,XLSX; PDF,Small tabular files,Monthly and annual series by segment,Free for reference; redistribution requires permission,https://www.siam.in/,open,no,"Society of Indian Automobile Manufacturers, Industry Statistics",topics/vehicles-and-car-sales/in/dataset-04.json
parivahan-analytics-and-reports,Parivahan Analytics and Reports,vehicles-and-car-sales,in,India,https://parivahan.gov.in/parivahan/,"National transport portal exposing registration, permit, fitness and driving licence statistics from the Vahan and Sarathi systems.",Ministry of Road Transport and Highways,Web dashboard; PDF; XLSX,Varies by report,"National coverage across 1,300+ RTOs",Government Open Data License - India,https://www.data.gov.in/government-open-data-license-india,open,yes,"Parivahan Sewa, Ministry of Road Transport and Highways",topics/vehicles-and-car-sales/in/dataset-05.json
nhtsa-vpic-api,NHTSA vPIC API,vehicles-and-car-sales,us,United States,https://vpic.nhtsa.dot.gov/api/,"Decodes any North American VIN into make, model, year, body class, engine and plant, and lists every manufacturer and equipment type on record.",National Highway Traffic Safety Administration,REST API; JSON; XML; CSV,API; full DB export ~1 GB,"27,000+ makes and models",US Government public domain,https://www.nhtsa.gov/nhtsa-datasets-and-apis,open,yes,NHTSA Product Information Catalog and Vehicle Listing (vPIC),topics/vehicles-and-car-sales/us/dataset-01.json
nhtsa-datasets-and-apis,NHTSA Datasets and APIs,vehicles-and-car-sales,us,United States,https://www.nhtsa.gov/nhtsa-datasets-and-apis,"Central index of federal vehicle safety data covering recalls, complaints, crash test ratings, investigations and child seat inspections.",National Highway Traffic Safety Administration,REST API; CSV; JSON,Varies by feed,Millions of complaints and recall records,US Government public domain,https://www.nhtsa.gov/nhtsa-datasets-and-apis,open,yes,NHTSA Datasets and APIs,topics/vehicles-and-car-sales/us/dataset-02.json
epa-fuel-economy-data,EPA Fuel Economy Data,vehicles-and-car-sales,us,United States,https://www.fueleconomy.gov/feg/download.shtml,"Official city, highway and combined MPG ratings plus emissions and cost estimates for every vehicle sold in the US since 1984.",US EPA and Department of Energy,CSV; XML; REST API,~20 MB,"48,000+ vehicle configurations since 1984",US Government public domain,https://www.fueleconomy.gov/feg/download.shtml,open,yes,"fueleconomy.gov, US DOE and EPA",topics/vehicles-and-car-sales/us/dataset-03.json
fhwa-highway-statistics-series,FHWA Highway Statistics Series,vehicles-and-car-sales,us,United States,https://www.fhwa.dot.gov/policyinformation/statistics.cfm,"Annual state-level tables of registered vehicles, licensed drivers, fuel consumption, road mileage and highway finance going back decades.",Federal Highway Administration,XLSX; CSV; PDF,~500 MB for the full archive,Annual series by state from 1945,US Government public domain,https://www.fhwa.dot.gov/policyinformation/statistics.cfm,open,yes,FHWA Highway Statistics Series,topics/vehicles-and-car-sales/us/dataset-04.json
bts-national-transportation-statistics,BTS National Transportation Statistics,vehicles-and-car-sales,us,United States,https://www.bts.gov/topics/national-transportation-statistics,"Cross-modal reference tables including new and used vehicle sales, fleet size, average vehicle age, and cost of owning and operating a car.",Bureau of Transportation Statistics,XLSX; CSV,~200 MB,260+ statistical tables,US Government public domain,https://www.bts.gov/,open,yes,"Bureau of Transportation Statistics, National Transportation Statistics",topics/vehicles-and-car-sales/us/dataset-05.json
environment-agency-water-quality-archive,Environment Agency Water Quality Archive,water-and-sanitation,gb,United Kingdom,https://environment.data.gov.uk/,"Every water quality sample taken by the Environment Agency in England, with determinand, concentration, sampling point and purpose, served from the environment data hub.",Environment Agency,CSV; REST API; RDF,~20 GB,60 million+ measurements,Open Government Licence v3.0,https://www.nationalarchives.gov.uk/doc/open-government-licence/version/3/,open,yes,"Environment Agency, Water Quality Archive",topics/water-and-sanitation/gb/dataset-01.json
ea-hydrology-data-explorer,EA Hydrology Data Explorer,water-and-sanitation,gb,United Kingdom,https://environment.data.gov.uk/hydrology/explore,"River flow, groundwater level and rainfall time series from Environment Agency monitoring stations across England, downloadable per station or via API.",Environment Agency,CSV; REST API; JSON,~50 GB,"8,000+ hydrology monitoring stations",Open Government Licence v3.0,https://www.nationalarchives.gov.uk/doc/open-government-licence/version/3/,open,yes,"Environment Agency, Hydrology Data Explorer",topics/water-and-sanitation/gb/dataset-02.json
ea-catchment-data-explorer,EA Catchment Data Explorer,water-and-sanitation,gb,United Kingdom,https://environment.data.gov.uk/catchment-planning/,"Water Framework Directive classification results for every English river, lake, groundwater and coastal water body, with reasons for not achieving good status.",Environment Agency,CSV; REST API,~5 GB,"5,000+ water bodies with annual classifications",Open Government Licence v3.0,https://www.nationalarchives.gov.uk/doc/open-government-licence/version/3/,open,yes,"Environment Agency, Catchment Data Explorer",topics/water-and-sanitation/gb/dataset-03.json
ofwat-company-performance-data,Ofwat Company Performance Data,water-and-sanitation,gb,United Kingdom,https://www.ofwat.gov.uk/regulated-companies/company-obligations/performance/,"Regulatory performance data for English and Welsh water companies covering leakage, supply interruptions, pollution incidents, sewer flooding and customer satisfaction.",Ofwat,XLSX; CSV; PDF,~1 GB,Annual reporting for 17 water companies,Open Government Licence v3.0,https://www.nationalarchives.gov.uk/doc/open-government-licence/version/3/,open,yes,"Ofwat, Company performance data",topics/water-and-sanitation/gb/dataset-04.json
drinking-water-inspectorate-data,Drinking Water Inspectorate Data,water-and-sanitation,gb,United Kingdom,https://www.dwi.gov.uk/,"Drinking water quality compliance results, enforcement actions and consumer complaint statistics for every English and Welsh water supplier.",Drinking Water Inspectorate,XLSX; CSV; PDF,~500 MB,Annual compliance reporting by water supply zone,Open Government Licence v3.0,https://www.nationalarchives.gov.uk/doc/open-government-licence/version/3/,open,yes,Drinking Water Inspectorate,topics/water-and-sanitation/gb/dataset-05.json
india-water-resources-information-system,India Water Resources Information System,water-and-sanitation,in,India,https://indiawris.gov.in/wris/,"National water portal integrating rainfall, reservoir storage, river discharge, groundwater levels and water quality across states and basins.",Ministry of Jal Shakti,CSV; REST API; Web dashboard,Multi-GB,Thousands of stations across all major basins,Government Open Data License - India,https://www.data.gov.in/government-open-data-license-india,open,yes,"India Water Resources Information System (India-WRIS), Ministry of Jal Shakti",topics/water-and-sanitation/in/dataset-01.json
central-ground-water-board-data,Central Ground Water Board Data,water-and-sanitation,in,India,https://cgwb.gov.in/,"Groundwater level monitoring, aquifer mapping, resource assessment and quality reports for districts and blocks across India.",Central Ground Water Board,PDF; XLSX; CSV,~5 GB,"25,000+ monitoring wells",Government Open Data License - India,https://www.data.gov.in/government-open-data-license-india,open,yes,"Central Ground Water Board, Ministry of Jal Shakti",topics/water-and-sanitation/in/dataset-02.json
jal-jeevan-mission-dashboard,Jal Jeevan Mission Dashboard,water-and-sanitation,in,India,https://ejalshakti.gov.in/jjmreport/JJMIndia.aspx,"Village-level progress data on rural piped water supply coverage, functional household tap connections and scheme status across every state.",Department of Drinking Water and Sanitation,Web dashboard; XLSX; CSV,Varies by report,"600,000+ villages tracked",Government Open Data License - India,https://www.data.gov.in/government-open-data-license-india,open,yes,"Jal Jeevan Mission, Department of Drinking Water and Sanitation",topics/water-and-sanitation/in/dataset-03.json
swachh-bharat-mission-data,Swachh Bharat Mission Data,water-and-sanitation,in,India,https://sbm.gov.in/,"Sanitation coverage data including household toilet construction, open-defecation-free status and solid waste management progress by district.",Ministry of Jal Shakti and Ministry of Housing and Urban Affairs,Web dashboard; XLSX; CSV,Varies by report,National coverage by district and village,Government Open Data License - India,https://www.data.gov.in/government-open-data-license-india,open,yes,"Swachh Bharat Mission, Government of India",topics/water-and-sanitation/in/dataset-04.json
data-gov-in-water-resources-sector,data.gov.in Water Resources Sector,water-and-sanitation,in,India,https://www.data.gov.in/sector/water-resources,"Open government catalogue of water datasets covering river and groundwater quality monitoring, reservoir levels, rainfall and irrigation coverage.",National Informatics Centre,PDF; XLSX; CSV,~2 GB,"4,000+ monitoring stations",Government Open Data License - India,https://www.data.gov.in/government-open-data-license-india,open,yes,Open Government Data Platform India,topics/water-and-sanitation/in/dataset-05.json
usgs-national-water-information-system,USGS National Water Information System,water-and-sanitation,us,United States,https://waterdata.usgs.gov/nwis,"Real-time and historical streamflow, gauge height, groundwater level, water quality and sediment data from hundreds of thousands of monitoring sites.",US Geological Survey,CSV; JSON; WaterML; REST API,Multi-TB,"1.9 million+ sites, records from 1889",US Government public domain,https://www.usgs.gov/information-policies-and-instructions/copyrights-and-credits,open,yes,"US Geological Survey, National Water Information System",topics/water-and-sanitation/us/dataset-01.json
epa-safe-drinking-water-information-system,EPA Safe Drinking Water Information System,water-and-sanitation,us,United States,https://www.epa.gov/ground-water-and-drinking-water/safe-drinking-water-information-system-sdwis-federal-reporting,"Compliance and violation records for every public water system in the country, with contaminant, enforcement action and population served.",US Environmental Protection Agency,CSV; REST API,~10 GB,"150,000+ public water systems",US Government public domain,https://www.epa.gov/,open,yes,"US EPA, Safe Drinking Water Information System",topics/water-and-sanitation/us/dataset-02.json
water-quality-portal,Water Quality Portal,water-and-sanitation,us,United States,https://www.waterqualitydata.us/,"A federated warehouse combining EPA, USGS and state water quality monitoring results into one query interface and download service.","USGS, EPA and NWQMC",CSV; TSV; REST API,~200 GB,400 million+ water quality results,US Government public domain,https://www.waterqualitydata.us/,open,yes,"Water Quality Portal, National Water Quality Monitoring Council",topics/water-and-sanitation/us/dataset-03.json
noaa-national-water-model,NOAA National Water Model,water-and-sanitation,us,United States,https://water.noaa.gov/about/nwm,Hourly operational hydrologic forecasts of streamflow and soil moisture for millions of river reaches across the continental United States.,NOAA,NetCDF; Zarr; REST API,Petabyte-scale archive,"2.7 million river reaches, hourly forecasts",US Government public domain,https://www.noaa.gov/,open,yes,NOAA National Water Model,topics/water-and-sanitation/us/dataset-04.json
usgs-water-use-data,USGS Water Use Data,water-and-sanitation,us,United States,https://www.usgs.gov/mission-areas/water-resources/science/water-use-united-states,"Five-yearly estimates of water withdrawals by county and category covering public supply, irrigation, thermoelectric, industrial and domestic use.",US Geological Survey,CSV; XLSX,~1 GB,County estimates every five years since 1950,US Government public domain,https://www.usgs.gov/information-policies-and-instructions/copyrights-and-credits,open,yes,"US Geological Survey, Water Use in the United States",topics/water-and-sanitation/us/dataset-05.json
bureau-of-meteorology-climate-data-online,Bureau of Meteorology Climate Data Online,weather-and-climate,au,Australia,https://www.bom.gov.au/climate/data/,"Daily and monthly rainfall, temperature and solar exposure observations from Australian weather stations, some with records exceeding a century.",Bureau of Meteorology,CSV; TXT,Varies by station,"20,000+ stations",CC BY 4.0,https://www.bom.gov.au/other/copyright.shtml,open,yes,"Australian Bureau of Meteorology, Climate Data Online",topics/weather-and-climate/au/dataset-01.json
bom-australian-climate-observations-reference-network,BOM Australian Climate Observations Reference Network,weather-and-climate,au,Australia,https://www.bom.gov.au/climate/data/acorn-sat/,"The homogenised long-term temperature reference network used for official Australian climate trend analysis, with documented adjustments.",Bureau of Meteorology,CSV,~100 MB,112 reference stations from 1910,CC BY 4.0,https://www.bom.gov.au/other/copyright.shtml,open,yes,"Bureau of Meteorology, ACORN-SAT",topics/weather-and-climate/au/dataset-02.json
data-gov-au-climate-and-environment,data.gov.au Climate and Environment,weather-and-climate,au,Australia,https://data.gov.au/,"Australia's federal open data catalogue, covering weather, water, bushfire, land use and environmental monitoring published by Commonwealth and state agencies.",Australian Government,CSV; JSON; GeoJSON; WMS; REST API,Varies by dataset,"80,000+ datasets",Commonly CC BY 4.0; varies by publisher,https://data.gov.au/,open,check,"data.gov.au, Australian Government open data",topics/weather-and-climate/au/dataset-03.json
bureau-of-meteorology-water-data-online,Bureau of Meteorology Water Data Online,weather-and-climate,au,Australia,https://www.bom.gov.au/waterdata/,"Streamflow, water level, storage volume and water quality time series from thousands of gauging stations across Australian catchments.",Bureau of Meteorology,CSV; WaterML 2.0; REST API,Multi-GB,"4,000+ monitoring sites",CC BY 4.0,https://www.bom.gov.au/other/copyright.shtml,open,yes,"Bureau of Meteorology, Water Data Online",topics/weather-and-climate/au/dataset-04.json
digital-earth-australia,Digital Earth Australia,weather-and-climate,au,Australia,https://www.dea.ga.gov.au/,"Analysis-ready satellite imagery and derived products for the Australian continent, including surface reflectance, water observations and coastline change.",Geoscience Australia,GeoTIFF; NetCDF; Zarr; STAC API,Petabyte-scale,Continental coverage from 1986,CC BY 4.0,https://www.ga.gov.au/copyright,open,yes,"Geoscience Australia, Digital Earth Australia",topics/weather-and-climate/au/dataset-05.json
met-office-data-services,Met Office Data Services,weather-and-climate,gb,United Kingdom,https://www.metoffice.gov.uk/services/data,"The UK national weather service's data offering, including site-specific forecasts, atmospheric models, observations and climate averages.",Met Office,REST API; NetCDF; GRIB; CSV,Varies by product,National coverage with continuous updates,Varies by product; open products under OGL v3.0,https://www.metoffice.gov.uk/policies/legal,registration,check,Met Office Data Services,topics/weather-and-climate/gb/dataset-01.json
met-office-hadley-centre-observations,Met Office Hadley Centre Observations,weather-and-climate,gb,United Kingdom,https://www.metoffice.gov.uk/hadobs/,"The HadCRUT global temperature record, HadISST sea surface temperatures and related long-run climate datasets used in IPCC assessments.",Met Office Hadley Centre,NetCDF; ASCII; CSV,~50 GB,Global series from 1850,Open Government Licence v3.0 for most datasets,https://www.metoffice.gov.uk/hadobs/,open,check,Met Office Hadley Centre observations datasets,topics/weather-and-climate/gb/dataset-02.json
ceda-archive,CEDA Archive,weather-and-climate,gb,United Kingdom,https://archive.ceda.ac.uk/,"The UK's atmospheric and earth observation data centre, hosting MIDAS surface observations, radar, satellite products and climate model output.",Centre for Environmental Data Analysis,NetCDF; CSV; HDF; BADC-CSV,Multi-petabyte,Thousands of datasets including 100+ years of station data,Varies by dataset; many under OGL v3.0,https://archive.ceda.ac.uk/,registration,check,Centre for Environmental Data Analysis (CEDA) Archive,topics/weather-and-climate/gb/dataset-03.json
environment-agency-real-time-flood-monitoring-api,Environment Agency Real Time Flood Monitoring API,weather-and-climate,gb,United Kingdom,https://environment.data.gov.uk/flood-monitoring/doc/reference,"Live river levels, rainfall and tidal readings from thousands of Environment Agency gauges, plus current flood warnings, through a free unauthenticated API.",Environment Agency,REST API; JSON; CSV; RDF,API with historical archive,"5,000+ measurement stations",Open Government Licence v3.0,https://www.nationalarchives.gov.uk/doc/open-government-licence/version/3/,open,yes,"Environment Agency, Real Time flood-monitoring API",topics/weather-and-climate/gb/dataset-04.json
met-office-haduk-grid,Met Office HadUK-Grid,weather-and-climate,gb,United Kingdom,https://www.metoffice.gov.uk/research/climate/maps-and-data/data/haduk-grid/haduk-grid,"Gridded UK climate observations at 1 km resolution covering temperature, rainfall, sunshine and wind, interpolated from the station network.",Met Office,NetCDF; CSV,~20 GB,Monthly and daily grids from 1836,Open Government Licence v3.0,https://www.nationalarchives.gov.uk/doc/open-government-licence/version/3/,registration,yes,"Met Office, HadUK-Grid gridded climate observations",topics/weather-and-climate/gb/dataset-05.json
noaa-global-historical-climatology-network-daily,NOAA Global Historical Climatology Network Daily,weather-and-climate,us,United States,https://www.ncei.noaa.gov/products/land-based-station/global-historical-climatology-network-daily,"Daily temperature, precipitation, snowfall and wind observations from land surface stations worldwide, quality-controlled and dating back to the 1700s at some sites.",NOAA National Centers for Environmental Information,CSV; Fixed-width; NetCDF,~30 GB,"100,000+ stations, billions of observations",US Government public domain,https://www.ncei.noaa.gov/,open,yes,"Menne et al., NOAA GHCN-Daily",topics/weather-and-climate/us/dataset-01.json
noaa-national-weather-service-api,NOAA National Weather Service API,weather-and-climate,us,United States,https://www.weather.gov/documentation/services-web-api,"Official forecasts, active alerts, observations and gridded forecast data for the United States, free and without an API key.",National Weather Service,REST API; GeoJSON; JSON-LD,API,"National coverage, updated continuously",US Government public domain,https://www.weather.gov/disclaimer,open,yes,NOAA National Weather Service API,topics/weather-and-climate/us/dataset-02.json
noaa-storm-events-database,NOAA Storm Events Database,weather-and-climate,us,United States,https://www.ncdc.noaa.gov/stormevents/,"Every recorded severe weather event in the US since 1950, with type, location, timing, fatalities, injuries and property damage estimates.",NOAA NCEI,CSV; GZIP,~2 GB,1.6 million+ events since 1950,US Government public domain,https://www.ncei.noaa.gov/,open,yes,"NOAA National Centers for Environmental Information, Storm Events Database",topics/weather-and-climate/us/dataset-03.json
noaa-integrated-surface-database,NOAA Integrated Surface Database,weather-and-climate,us,United States,https://www.ncei.noaa.gov/products/land-based-station/integrated-surface-database,"Hourly and sub-hourly global surface observations merged from over a hundred original sources, covering wind, visibility, pressure, temperature and sky condition.",NOAA NCEI,CSV; Fixed-width,~600 GB,"35,000+ stations since 1901",US Government public domain,https://www.ncei.noaa.gov/,open,yes,NOAA Integrated Surface Database (ISD),topics/weather-and-climate/us/dataset-04.json
noaa-open-data-dissemination-on-aws,NOAA Open Data Dissemination on AWS,weather-and-climate,us,United States,https://registry.opendata.aws/collab/noaa/,"NOAA's operational model output, radar and satellite archives staged on cloud object storage, including GFS, HRRR, NEXRAD and GOES imagery.",NOAA and AWS Open Data,GRIB2; NetCDF; Zarr; Parquet,Petabyte-scale,Dozens of operational products,US Government public domain,https://www.noaa.gov/information-technology/open-data-dissemination,open,yes,NOAA Open Data Dissemination Program,topics/weather-and-climate/us/dataset-05.json
